E:000 - PHOTO BACKUP 01 - 5 Mar 2016\AAA - PHOTOS TO BE FILED\02 - FAMILY GROUP PHOTOS\Smith Family Group Photos\Krantz - Dorothy Krantz nee Powell as a married woman\Top Rt Catherine Powell-Hickey (Dorothy's foster mother) Bottom Mrs Forbes 03.jpg,C:\Users\David\Pictures\00 - PHOTO BACKUP 01 - 5 Mar 2016\AAA - PHOTOS TO BE FILED\02 - FAMILY GROUP PHOTOS\Smith Family Group Photos\Krantz - Dorothy Krantz nee Powell as a married woman\Top Rt Catherine Powell-Hickey (Dorothy's foster mother) Bottom Mrs Forbes 03.jpg,"(<class 'FileNotFoundError'>, FileNotFoundError(2, 'No such file or directory'), <traceback object at 0x000002DD5D1A2600>)"
E:Pictures\FAMILY PHOTOS\02 - FAMILY GROUP PHOTOS\Smith Family Group Photos\Krantz - Friends of Harold and Dorothy Krantz\--JeffCraig VeraStephanoff Dorothy Phyl PeterSeabrook---KevinCaporn LonaWilliams TerryMartin JoanSeabrook RonStrahan Alec Harold.jpg,C:\Users\David\Pictures\ictures\FAMILY PHOTOS\02 - FAMILY GROUP PHOTOS\Smith Family Group Photos\Krantz - Friends of Harold and Dorothy Krantz\--JeffCraig VeraStephanoff Dorothy Phyl PeterSeabrook---KevinCaporn LonaWilliams TerryMartin JoanSeabrook RonStrahan Alec Harold.jpg,"(<class 'FileNotFoundError'>, FileNotFoundError(2, 'No such file or directory'), <traceback object at 0x000002DD5D202D00>)"
"E:Pictures\FAMILY PHOTOS\02 - FAMILY GROUP PHOTOS\Smith Family Group Photos\Wise - Wise Family\Standing - Constance Wise, Ellen Wise nee Ballantine, William Wise, Unknown, Sylvia Wise. Front - Julia Ann Wise nee Hutchins, William Henry Wise.jpg","C:\Users\David\Pictures\ictures\FAMILY PHOTOS\02 - FAMILY GROUP PHOTOS\Smith Family Group Photos\Wise - Wise Family\Standing - Constance Wise, Ellen Wise nee Ballantine, William Wise, Unknown, Sylvia Wise. Front - Julia Ann Wise nee Hutchins, William Henry Wise.jpg","(<class 'FileNotFoundError'>, FileNotFoundError(2, 'No such file or directory'), <traceback object at 0x000002DD5D222640>)"
"E:000 - PHOTO BACKUP 01 - 5 Mar 2016\TRAVEL PHOTOS\01 - Overseas Travel Photos\2013-05 - a - France and UK May 2013\01 Southern France\Serre de la Madone  GardenVisit_com, the garden landscape guide_files\hotel_restaurant_de_belgique_bch_c50x50.jpg","C:\Users\David\Pictures\00 - PHOTO BACKUP 01 - 5 Mar 2016\TRAVEL PHOTOS\01 - Overseas Travel Photos\2013-05 - a - France and UK May 2013\01 Southern France\Serre de la Madone  GardenVisit_com, the garden landscape guide_files\hotel_restaurant_de_belgique_bch_c50x50.jpg","(<class 'FileNotFoundError'>, FileNotFoundError(2, 'No such file or directory'), <traceback object at 0x000002DD5D2948C0>)"
"E:000 - PHOTO BACKUP 01 - 5 Mar 2016\TRAVEL PHOTOS\01 - Overseas Travel Photos\2013-05 - a - France and UK May 2013\01 Southern France\Serre de la Madone  GardenVisit_com, the garden landscape guide_files\le_royal_westminster_bch_c50x50.jpg","C:\Users\David\Pictures\00 - PHOTO BACKUP 01 - 5 Mar 2016\TRAVEL PHOTOS\01 - Overseas Travel Photos\2013-05 - a - France and UK May 2013\01 Southern France\Serre de la Madone  GardenVisit_com, the garden landscape guide_files\le_royal_westminster_bch_c50x50.jpg","(<class 'FileNotFoundError'>, FileNotFoundError(2, 'No such file or directory'), <traceback object at 0x000002DD5D294BC0>)"
E:000 - PHOTO BACKUP 01 - 5 Mar 2016\TRAVEL PHOTOS\01 - Overseas Travel Photos\2013-05 - a - France and UK May 2013\02 Central France\The home of Annecy's lake-House with character and Charm - Advert n° 279533_files\Button_Circle_Next1.gif,C:\Users\David\Pictures\00 - PHOTO BACKUP 01 - 5 Mar 2016\TRAVEL PHOTOS\01 - Overseas Travel Photos\2013-05 - a - France and UK May 2013\02 Central France\The home of Annecy's lake-House with character and Charm - Advert n° 279533_files\Button_Circle_Next1.gif,"(<class 'FileNotFoundError'>, FileNotFoundError(2, 'No such file or directory'), <traceback object at 0x000002DD5D29F980>)"
E:000 - PHOTO BACKUP 01 - 5 Mar 2016\TRAVEL PHOTOS\01 - Overseas Travel Photos\2013-05 - a - France and UK May 2013\02 Central France\charming village house located 200 meters from Lake Annecy and Talloires beach - Advert n° 288403_files\button_flag_de.gif,C:\Users\David\Pictures\00 - PHOTO BACKUP 01 - 5 Mar 2016\TRAVEL PHOTOS\01 - Overseas Travel Photos\2013-05 - a - France and UK May 2013\02 Central France\charming village house located 200 meters from Lake Annecy and Talloires beach - Advert n° 288403_files\button_flag_de.gif,"(<class 'FileNotFoundError'>, FileNotFoundError(2, 'The filename or extension is too long'), <traceback object at 0x000002DD5D2226C0>)"
E:000 - PHOTO BACKUP 01 - 5 Mar 2016\TRAVEL PHOTOS\01 - Overseas Travel Photos\2013-05 - a - France and UK May 2013\02 Central France\charming village house located 200 meters from Lake Annecy and Talloires beach - Advert n° 288403_files\button_flag_de.gif,C:\Users\David\Pictures\00 - PHOTO BACKUP 01 - 5 Mar 2016\TRAVEL PHOTOS\01 - Overseas Travel Photos\2013-05 - a - France and UK May 2013\02 Central France\charming village house located 200 meters from Lake Annecy and Talloires beach - Advert n° 288403_files\button_flag_de.gif,"(<class 'FileNotFoundError'>, FileNotFoundError(2, 'No such file or directory'), <traceback object at 0x000002DD5D29FD80>)"
E:000 - PHOTO BACKUP 01 - 5 Mar 2016\TRAVEL PHOTOS\01 - Overseas Travel Photos\2013-05 - a - France and UK May 2013\02 Central France\charming village house located 200 meters from Lake Annecy and Talloires beach - Advert n° 288403_files\button_flag_es.gif,C:\Users\David\Pictures\00 - PHOTO BACKUP 01 - 5 Mar 2016\TRAVEL PHOTOS\01 - Overseas Travel Photos\2013-05 - a - France and UK May 2013\02 Central France\charming village house located 200 meters from Lake Annecy and Talloires beach - Advert n° 288403_files\button_flag_es.gif,"(<class 'FileNotFoundError'>, FileNotFoundError(2, 'The filename or extension is too long'), <traceback object at 0x000002DD5D29FFC0>)"
E:000 - PHOTO BACKUP 01 - 5 Mar 2016\TRAVEL PHOTOS\01 - Overseas Travel Photos\2013-05 - a - France and UK May 2013\02 Central France\charming village house located 200 meters from Lake Annecy and Talloires beach - Advert n° 288403_files\button_flag_es.gif,C:\Users\David\Pictures\00 - PHOTO BACKUP 01 - 5 Mar 2016\TRAVEL PHOTOS\01 - Overseas Travel Photos\2013-05 - a - France and UK May 2013\02 Central France\charming village house located 200 meters from Lake Annecy and Talloires beach - Advert n° 288403_files\button_flag_es.gif,"(<class 'FileNotFoundError'>, FileNotFoundError(2, 'No such file or directory'), <traceback object at 0x000002DD5D2A9100>)"
E:000 - PHOTO BACKUP 01 - 5 Mar 2016\TRAVEL PHOTOS\01 - Overseas Travel Photos\2013-05 - a - France and UK May 2013\02 Central France\charming village house located 200 meters from Lake Annecy and Talloires beach - Advert n° 288403_files\button_flag_fr.gif,C:\Users\David\Pictures\00 - PHOTO BACKUP 01 - 5 Mar 2016\TRAVEL PHOTOS\01 - Overseas Travel Photos\2013-05 - a - France and UK May 2013\02 Central France\charming village house located 200 meters from Lake Annecy and Talloires beach - Advert n° 288403_files\button_flag_fr.gif,"(<class 'FileNotFoundError'>, FileNotFoundError(2, 'The filename or extension is too long'), <traceback object at 0x000002DD5D2A9380>)"
E:000 - PHOTO BACKUP 01 - 5 Mar 2016\TRAVEL PHOTOS\01 - Overseas Travel Photos\2013-05 - a - France and UK May 2013\02 Central France\charming village house located 200 meters from Lake Annecy and Talloires beach - Advert n° 288403_files\button_flag_fr.gif,C:\Users\David\Pictures\00 - PHOTO BACKUP 01 - 5 Mar 2016\TRAVEL PHOTOS\01 - Overseas Travel Photos\2013-05 - a - France and UK May 2013\02 Central France\charming village house located 200 meters from Lake Annecy and Talloires beach - Advert n° 288403_files\button_flag_fr.gif,"(<class 'FileNotFoundError'>, FileNotFoundError(2, 'No such file or directory'), <traceback object at 0x000002DD5D2A91C0>)"
E:000 - PHOTO BACKUP 01 - 5 Mar 2016\TRAVEL PHOTOS\01 - Overseas Travel Photos\2013-05 - a - France and UK May 2013\02 Central France\charming village house located 200 meters from Lake Annecy and Talloires beach - Advert n° 288403_files\button_flag_it.gif,C:\Users\David\Pictures\00 - PHOTO BACKUP 01 - 5 Mar 2016\TRAVEL PHOTOS\01 - Overseas Travel Photos\2013-05 - a - France and UK May 2013\02 Central France\charming village house located 200 meters from Lake Annecy and Talloires beach - Advert n° 288403_files\button_flag_it.gif,"(<class 'FileNotFoundError'>, FileNotFoundError(2, 'The filename or extension is too long'), <traceback object at 0x000002DD5D2A9740>)"
E:000 - PHOTO BACKUP 01 - 5 Mar 2016\TRAVEL PHOTOS\01 - Overseas Travel Photos\2013-05 - a - France and UK May 2013\02 Central France\charming village house located 200 meters from Lake Annecy and Talloires beach - Advert n° 288403_files\button_flag_it.gif,C:\Users\David\Pictures\00 - PHOTO BACKUP 01 - 5 Mar 2016\TRAVEL PHOTOS\01 - Overseas Travel Photos\2013-05 - a - France and UK May 2013\02 Central France\charming village house located 200 meters from Lake Annecy and Talloires beach - Advert n° 288403_files\button_flag_it.gif,"(<class 'FileNotFoundError'>, FileNotFoundError(2, 'No such file or directory'), <traceback object at 0x000002DD5D2A9880>)"
E:000 - PHOTO BACKUP 01 - 5 Mar 2016\TRAVEL PHOTOS\01 - Overseas Travel Photos\2013-05 - a - France and UK May 2013\02 Central France\charming village house located 200 meters from Lake Annecy and Talloires beach - Advert n° 288403_files\button_flag_nl.gif,C:\Users\David\Pictures\00 - PHOTO BACKUP 01 - 5 Mar 2016\TRAVEL PHOTOS\01 - Overseas Travel Photos\2013-05 - a - France and UK May 2013\02 Central France\charming village house located 200 meters from Lake Annecy and Talloires beach - Advert n° 288403_files\button_flag_nl.gif,"(<class 'FileNotFoundError'>, FileNotFoundError(2, 'The filename or extension is too long'), <traceback object at 0x000002DD5D2A9B00>)"
E:000 - PHOTO BACKUP 01 - 5 Mar 2016\TRAVEL PHOTOS\01 - Overseas Travel Photos\2013-05 - a - France and UK May 2013\02 Central France\charming village house located 200 meters from Lake Annecy and Talloires beach - Advert n° 288403_files\button_flag_nl.gif,C:\Users\David\Pictures\00 - PHOTO BACKUP 01 - 5 Mar 2016\TRAVEL PHOTOS\01 - Overseas Travel Photos\2013-05 - a - France and UK May 2013\02 Central France\charming village house located 200 meters from Lake Annecy and Talloires beach - Advert n° 288403_files\button_flag_nl.gif,"(<class 'FileNotFoundError'>, FileNotFoundError(2, 'No such file or directory'), <traceback object at 0x000002DD5D2A9940>)"
E:000 - PHOTO BACKUP 01 - 5 Mar 2016\TRAVEL PHOTOS\01 - Overseas Travel Photos\2013-05 - a - France and UK May 2013\02 Central France\charming village house located 200 meters from Lake Annecy and Talloires beach - Advert n° 288403_files\button_flag_pt.gif,C:\Users\David\Pictures\00 - PHOTO BACKUP 01 - 5 Mar 2016\TRAVEL PHOTOS\01 - Overseas Travel Photos\2013-05 - a - France and UK May 2013\02 Central France\charming village house located 200 meters from Lake Annecy and Talloires beach - Advert n° 288403_files\button_flag_pt.gif,"(<class 'FileNotFoundError'>, FileNotFoundError(2, 'The filename or extension is too long'), <traceback object at 0x000002DD5D2A9EC0>)"
E:000 - PHOTO BACKUP 01 - 5 Mar 2016\TRAVEL PHOTOS\01 - Overseas Travel Photos\2013-05 - a - France and UK May 2013\02 Central France\charming village house located 200 meters from Lake Annecy and Talloires beach - Advert n° 288403_files\button_flag_pt.gif,C:\Users\David\Pictures\00 - PHOTO BACKUP 01 - 5 Mar 2016\TRAVEL PHOTOS\01 - Overseas Travel Photos\2013-05 - a - France and UK May 2013\02 Central France\charming village house located 200 meters from Lake Annecy and Talloires beach - Advert n° 288403_files\button_flag_pt.gif,"(<class 'FileNotFoundError'>, FileNotFoundError(2, 'No such file or directory'), <traceback object at 0x000002DD5D2AD040>)"
E:000 - PHOTO BACKUP 01 - 5 Mar 2016\TRAVEL PHOTOS\01 - Overseas Travel Photos\2013-05 - a - France and UK May 2013\02 Central France\The home of Annecy's lake-House with character and Charm - Advert n° 279533_files\logo_europ-assistance.jpg,C:\Users\David\Pictures\00 - PHOTO BACKUP 01 - 5 Mar 2016\TRAVEL PHOTOS\01 - Overseas Travel Photos\2013-05 - a - France and UK May 2013\02 Central France\The home of Annecy's lake-House with character and Charm - Advert n° 279533_files\logo_europ-assistance.jpg,"(<class 'FileNotFoundError'>, FileNotFoundError(2, 'No such file or directory'), <traceback object at 0x000002DD5D2AD280>)"
E:000 - PHOTO BACKUP 01 - 5 Mar 2016\TRAVEL PHOTOS\01 - Overseas Travel Photos\2013-05 - a - France and UK May 2013\02 Central France\charming village house located 200 meters from Lake Annecy and Talloires beach - Advert n° 288403_files\logo_HA_small.jpg,C:\Users\David\Pictures\00 - PHOTO BACKUP 01 - 5 Mar 2016\TRAVEL PHOTOS\01 - Overseas Travel Photos\2013-05 - a - France and UK May 2013\02 Central France\charming village house located 200 meters from Lake Annecy and Talloires beach - Advert n° 288403_files\logo_HA_small.jpg,"(<class 'FileNotFoundError'>, FileNotFoundError(2, 'The filename or extension is too long'), <traceback object at 0x000002DD5D2AD500>)"
E:000 - PHOTO BACKUP 01 - 5 Mar 2016\TRAVEL PHOTOS\01 - Overseas Travel Photos\2013-05 - a - France and UK May 2013\02 Central France\charming village house located 200 meters from Lake Annecy and Talloires beach - Advert n° 288403_files\logo_HA_small.jpg,C:\Users\David\Pictures\00 - PHOTO BACKUP 01 - 5 Mar 2016\TRAVEL PHOTOS\01 - Overseas Travel Photos\2013-05 - a - France and UK May 2013\02 Central France\charming village house located 200 meters from Lake Annecy and Talloires beach - Advert n° 288403_files\logo_HA_small.jpg,"(<class 'FileNotFoundError'>, FileNotFoundError(2, 'No such file or directory'), <traceback object at 0x000002DD5D2AD340>)"
E:000 - PHOTO BACKUP 01 - 5 Mar 2016\TRAVEL PHOTOS\01 - Overseas Travel Photos\2013-05 - a - France and UK May 2013\02 Central France\charming village house located 200 meters from Lake Annecy and Talloires beach - Advert n° 288403_files\p.png,C:\Users\David\Pictures\00 - PHOTO BACKUP 01 - 5 Mar 2016\TRAVEL PHOTOS\01 - Overseas Travel Photos\2013-05 - a - France and UK May 2013\02 Central France\charming village house located 200 meters from Lake Annecy and Talloires beach - Advert n° 288403_files\p.png,"(<class 'FileNotFoundError'>, FileNotFoundError(2, 'The filename or extension is too long'), <traceback object at 0x000002DD5D2AD880>)"
E:000 - PHOTO BACKUP 01 - 5 Mar 2016\TRAVEL PHOTOS\01 - Overseas Travel Photos\2013-05 - a - France and UK May 2013\02 Central France\charming village house located 200 meters from Lake Annecy and Talloires beach - Advert n° 288403_files\p.png,C:\Users\David\Pictures\00 - PHOTO BACKUP 01 - 5 Mar 2016\TRAVEL PHOTOS\01 - Overseas Travel Photos\2013-05 - a - France and UK May 2013\02 Central France\charming village house located 200 meters from Lake Annecy and Talloires beach - Advert n° 288403_files\p.png,"(<class 'FileNotFoundError'>, FileNotFoundError(2, 'No such file or directory'), <traceback object at 0x000002DD5D2ADA00>)"
E:000 - PHOTO BACKUP 01 - 5 Mar 2016\TRAVEL PHOTOS\01 - Overseas Travel Photos\2013-05 - a - France and UK May 2013\02 Central France\The home of Annecy's lake-House with character and Charm - Advert n° 279533_files\Picto_logo_home_carre.gif,C:\Users\David\Pictures\00 - PHOTO BACKUP 01 - 5 Mar 2016\TRAVEL PHOTOS\01 - Overseas Travel Photos\2013-05 - a - France and UK May 2013\02 Central France\The home of Annecy's lake-House with character and Charm - Advert n° 279533_files\Picto_logo_home_carre.gif,"(<class 'FileNotFoundError'>, FileNotFoundError(2, 'No such file or directory'), <traceback object at 0x000002DD5D2ADCC0>)"
E:000 - PHOTO BACKUP 01 - 5 Mar 2016\TRAVEL PHOTOS\01 - Overseas Travel Photos\2013-05 - a - France and UK May 2013\02 Central France\charming village house located 200 meters from Lake Annecy and Talloires beach - Advert n° 288403_files\SCA_2011_50_50.png,C:\Users\David\Pictures\00 - PHOTO BACKUP 01 - 5 Mar 2016\TRAVEL PHOTOS\01 - Overseas Travel Photos\2013-05 - a - France and UK May 2013\02 Central France\charming village house located 200 meters from Lake Annecy and Talloires beach - Advert n° 288403_files\SCA_2011_50_50.png,"(<class 'FileNotFoundError'>, FileNotFoundError(2, 'The filename or extension is too long'), <traceback object at 0x000002DD5D2ADEC0>)"
E:000 - PHOTO BACKUP 01 - 5 Mar 2016\TRAVEL PHOTOS\01 - Overseas Travel Photos\2013-05 - a - France and UK May 2013\02 Central France\charming village house located 200 meters from Lake Annecy and Talloires beach - Advert n° 288403_files\SCA_2011_50_50.png,C:\Users\David\Pictures\00 - PHOTO BACKUP 01 - 5 Mar 2016\TRAVEL PHOTOS\01 - Overseas Travel Photos\2013-05 - a - France and UK May 2013\02 Central France\charming village house located 200 meters from Lake Annecy and Talloires beach - Advert n° 288403_files\SCA_2011_50_50.png,"(<class 'FileNotFoundError'>, FileNotFoundError(2, 'No such file or directory'), <traceback object at 0x000002DD5D2B40C0>)"
E:000 - PHOTO BACKUP 01 - 5 Mar 2016\TRAVEL PHOTOS\01 - Overseas Travel Photos\2013-05 - a - France and UK May 2013\02 Central France\charming village house located 200 meters from Lake Annecy and Talloires beach - Advert n° 288403_files\picto_animaux.jpg,C:\Users\David\Pictures\00 - PHOTO BACKUP 01 - 5 Mar 2016\TRAVEL PHOTOS\01 - Overseas Travel Photos\2013-05 - a - France and UK May 2013\02 Central France\charming village house located 200 meters from Lake Annecy and Talloires beach - Advert n° 288403_files\picto_animaux.jpg,"(<class 'FileNotFoundError'>, FileNotFoundError(2, 'The filename or extension is too long'), <traceback object at 0x000002DD5D2B4680>)"
E:000 - PHOTO BACKUP 01 - 5 Mar 2016\TRAVEL PHOTOS\01 - Overseas Travel Photos\2013-05 - a - France and UK May 2013\02 Central France\charming village house located 200 meters from Lake Annecy and Talloires beach - Advert n° 288403_files\picto_animaux.jpg,C:\Users\David\Pictures\00 - PHOTO BACKUP 01 - 5 Mar 2016\TRAVEL PHOTOS\01 - Overseas Travel Photos\2013-05 - a - France and UK May 2013\02 Central France\charming village house located 200 meters from Lake Annecy and Talloires beach - Advert n° 288403_files\picto_animaux.jpg,"(<class 'FileNotFoundError'>, FileNotFoundError(2, 'No such file or directory'), <traceback object at 0x000002DD5D2B48C0>)"
"E:000 - PHOTO BACKUP 01 - 5 Mar 2016\TRAVEL PHOTOS\01 - Overseas Travel Photos\2013-05 - a - France and UK May 2013\04 Southern England\Private holiday accommodation in Calne, Nr_ Castle Combe, Wiltshire, England E3889_files\btn_checkavailability.gif","C:\Users\David\Pictures\00 - PHOTO BACKUP 01 - 5 Mar 2016\TRAVEL PHOTOS\01 - Overseas Travel Photos\2013-05 - a - France and UK May 2013\04 Southern England\Private holiday accommodation in Calne, Nr_ Castle Combe, Wiltshire, England E3889_files\btn_checkavailability.gif","(<class 'FileNotFoundError'>, FileNotFoundError(2, 'No such file or directory'), <traceback object at 0x000002DD5D2B4900>)"
"E:000 - PHOTO BACKUP 01 - 5 Mar 2016\TRAVEL PHOTOS\01 - Overseas Travel Photos\2013-05 - a - France and UK May 2013\04 Southern England\Private holiday accommodation in Calne, Nr_ Castle Combe, Wiltshire, England E3889_files\btn_contactowner.gif","C:\Users\David\Pictures\00 - PHOTO BACKUP 01 - 5 Mar 2016\TRAVEL PHOTOS\01 - Overseas Travel Photos\2013-05 - a - France and UK May 2013\04 Southern England\Private holiday accommodation in Calne, Nr_ Castle Combe, Wiltshire, England E3889_files\btn_contactowner.gif","(<class 'FileNotFoundError'>, FileNotFoundError(2, 'No such file or directory'), <traceback object at 0x000002DD5D2B4DC0>)"
"E:000 - PHOTO BACKUP 01 - 5 Mar 2016\TRAVEL PHOTOS\01 - Overseas Travel Photos\2013-05 - a - France and UK May 2013\04 Southern England\Private holiday accommodation in Calne, Nr_ Castle Combe, Wiltshire, England E3889_files\btn_ownerprofile.gif","C:\Users\David\Pictures\00 - PHOTO BACKUP 01 - 5 Mar 2016\TRAVEL PHOTOS\01 - Overseas Travel Photos\2013-05 - a - France and UK May 2013\04 Southern England\Private holiday accommodation in Calne, Nr_ Castle Combe, Wiltshire, England E3889_files\btn_ownerprofile.gif","(<class 'FileNotFoundError'>, FileNotFoundError(2, 'No such file or directory'), <traceback object at 0x000002DD5D2BE040>)"
"E:000 - PHOTO BACKUP 01 - 5 Mar 2016\TRAVEL PHOTOS\01 - Overseas Travel Photos\2013-05 - a - France and UK May 2013\04 Southern England\Private holiday accommodation in Calne, Nr_ Castle Combe, Wiltshire, England E3889_files\btn_photos_more.gif","C:\Users\David\Pictures\00 - PHOTO BACKUP 01 - 5 Mar 2016\TRAVEL PHOTOS\01 - Overseas Travel Photos\2013-05 - a - France and UK May 2013\04 Southern England\Private holiday accommodation in Calne, Nr_ Castle Combe, Wiltshire, England E3889_files\btn_photos_more.gif","(<class 'FileNotFoundError'>, FileNotFoundError(2, 'No such file or directory'), <traceback object at 0x000002DD5D2BE080>)"
"E:000 - PHOTO BACKUP 01 - 5 Mar 2016\TRAVEL PHOTOS\01 - Overseas Travel Photos\2013-05 - a - France and UK May 2013\04 Southern England\Private holiday accommodation in Calne, Nr_ Castle Combe, Wiltshire, England E3889_files\btn_sendemail.gif","C:\Users\David\Pictures\00 - PHOTO BACKUP 01 - 5 Mar 2016\TRAVEL PHOTOS\01 - Overseas Travel Photos\2013-05 - a - France and UK May 2013\04 Southern England\Private holiday accommodation in Calne, Nr_ Castle Combe, Wiltshire, England E3889_files\btn_sendemail.gif","(<class 'FileNotFoundError'>, FileNotFoundError(2, 'No such file or directory'), <traceback object at 0x000002DD5D2BE440>)"
"E:000 - PHOTO BACKUP 01 - 5 Mar 2016\TRAVEL PHOTOS\01 - Overseas Travel Photos\2013-05 - a - France and UK May 2013\04 Southern England\Private holiday accommodation in Calne, Nr_ Castle Combe, Wiltshire, England E3889_files\emailafriend_btn.gif","C:\Users\David\Pictures\00 - PHOTO BACKUP 01 - 5 Mar 2016\TRAVEL PHOTOS\01 - Overseas Travel Photos\2013-05 - a - France and UK May 2013\04 Southern England\Private holiday accommodation in Calne, Nr_ Castle Combe, Wiltshire, England E3889_files\emailafriend_btn.gif","(<class 'FileNotFoundError'>, FileNotFoundError(2, 'No such file or directory'), <traceback object at 0x000002DD5D2BE500>)"
"E:000 - PHOTO BACKUP 01 - 5 Mar 2016\TRAVEL PHOTOS\01 - Overseas Travel Photos\2013-05 - a - France and UK May 2013\02 Central France\Apartment rentals in Talloires, Annecy, Haute Savoie- Rhone-Alpes, France FR8526_files\GenerateCaptcha.gif","C:\Users\David\Pictures\00 - PHOTO BACKUP 01 - 5 Mar 2016\TRAVEL PHOTOS\01 - Overseas Travel Photos\2013-05 - a - France and UK May 2013\02 Central France\Apartment rentals in Talloires, Annecy, Haute Savoie- Rhone-Alpes, France FR8526_files\GenerateCaptcha.gif","(<class 'FileNotFoundError'>, FileNotFoundError(2, 'No such file or directory'), <traceback object at 0x000002DD5D2BE900>)"
"E:000 - PHOTO BACKUP 01 - 5 Mar 2016\TRAVEL PHOTOS\01 - Overseas Travel Photos\2013-05 - a - France and UK May 2013\04 Southern England\Private holiday accommodation in Calne, Nr_ Castle Combe, Wiltshire, England E3889_files\owners_direct_logo.gif","C:\Users\David\Pictures\00 - PHOTO BACKUP 01 - 5 Mar 2016\TRAVEL PHOTOS\01 - Overseas Travel Photos\2013-05 - a - France and UK May 2013\04 Southern England\Private holiday accommodation in Calne, Nr_ Castle Combe, Wiltshire, England E3889_files\owners_direct_logo.gif","(<class 'FileNotFoundError'>, FileNotFoundError(2, 'No such file or directory'), <traceback object at 0x000002DD5D2BEA00>)"
"E:000 - PHOTO BACKUP 01 - 5 Mar 2016\TRAVEL PHOTOS\01 - Overseas Travel Photos\2013-05 - a - France and UK May 2013\04 Southern England\Private holiday accommodation in Calne, Nr_ Castle Combe, Wiltshire, England E3889_files\topnav_btn.gif","C:\Users\David\Pictures\00 - PHOTO BACKUP 01 - 5 Mar 2016\TRAVEL PHOTOS\01 - Overseas Travel Photos\2013-05 - a - France and UK May 2013\04 Southern England\Private holiday accommodation in Calne, Nr_ Castle Combe, Wiltshire, England E3889_files\topnav_btn.gif","(<class 'FileNotFoundError'>, FileNotFoundError(2, 'No such file or directory'), <traceback object at 0x000002DD5D2BED80>)"
E:000 - PHOTO BACKUP 01 - 5 Mar 2016\TRAVEL PHOTOS\01 - Overseas Travel Photos\2013-05 - a - France and UK May 2013\02 Central France\charming village house located 200 meters from Lake Annecy and Talloires beach - Advert n° 288403_files\3677902FICHE.jpg,C:\Users\David\Pictures\00 - PHOTO BACKUP 01 - 5 Mar 2016\TRAVEL PHOTOS\01 - Overseas Travel Photos\2013-05 - a - France and UK May 2013\02 Central France\charming village house located 200 meters from Lake Annecy and Talloires beach - Advert n° 288403_files\3677902FICHE.jpg,"(<class 'FileNotFoundError'>, FileNotFoundError(2, 'The filename or extension is too long'), <traceback object at 0x000002DD5D2C5040>)"
E:000 - PHOTO BACKUP 01 - 5 Mar 2016\TRAVEL PHOTOS\01 - Overseas Travel Photos\2013-05 - a - France and UK May 2013\02 Central France\charming village house located 200 meters from Lake Annecy and Talloires beach - Advert n° 288403_files\3677902FICHE.jpg,C:\Users\David\Pictures\00 - PHOTO BACKUP 01 - 5 Mar 2016\TRAVEL PHOTOS\01 - Overseas Travel Photos\2013-05 - a - France and UK May 2013\02 Central France\charming village house located 200 meters from Lake Annecy and Talloires beach - Advert n° 288403_files\3677902FICHE.jpg,"(<class 'FileNotFoundError'>, FileNotFoundError(2, 'No such file or directory'), <traceback object at 0x000002DD5D2C5240>)"
E:000 - PHOTO BACKUP 01 - 5 Mar 2016\TRAVEL PHOTOS\01 - Overseas Travel Photos\2013-05 - a - France and UK May 2013\02 Central France\charming village house located 200 meters from Lake Annecy and Talloires beach - Advert n° 288403_files\picto_montagne.jpg,C:\Users\David\Pictures\00 - PHOTO BACKUP 01 - 5 Mar 2016\TRAVEL PHOTOS\01 - Overseas Travel Photos\2013-05 - a - France and UK May 2013\02 Central France\charming village house located 200 meters from Lake Annecy and Talloires beach - Advert n° 288403_files\picto_montagne.jpg,"(<class 'FileNotFoundError'>, FileNotFoundError(2, 'The filename or extension is too long'), <traceback object at 0x000002DD5D2C5400>)"
E:000 - PHOTO BACKUP 01 - 5 Mar 2016\TRAVEL PHOTOS\01 - Overseas Travel Photos\2013-05 - a - France and UK May 2013\02 Central France\charming village house located 200 meters from Lake Annecy and Talloires beach - Advert n° 288403_files\picto_montagne.jpg,C:\Users\David\Pictures\00 - PHOTO BACKUP 01 - 5 Mar 2016\TRAVEL PHOTOS\01 - Overseas Travel Photos\2013-05 - a - France and UK May 2013\02 Central France\charming village house located 200 meters from Lake Annecy and Talloires beach - Advert n° 288403_files\picto_montagne.jpg,"(<class 'FileNotFoundError'>, FileNotFoundError(2, 'No such file or directory'), <traceback object at 0x000002DD5D2C55C0>)"
E:000 - PHOTO BACKUP 01 - 5 Mar 2016\TRAVEL PHOTOS\01 - Overseas Travel Photos\2013-05 - a - France and UK May 2013\02 Central France\charming village house located 200 meters from Lake Annecy and Talloires beach - Advert n° 288403_files\SkiSet500x300.gif,C:\Users\David\Pictures\00 - PHOTO BACKUP 01 - 5 Mar 2016\TRAVEL PHOTOS\01 - Overseas Travel Photos\2013-05 - a - France and UK May 2013\02 Central France\charming village house located 200 meters from Lake Annecy and Talloires beach - Advert n° 288403_files\SkiSet500x300.gif,"(<class 'FileNotFoundError'>, FileNotFoundError(2, 'The filename or extension is too long'), <traceback object at 0x000002DD5D2C57C0>)"
E:000 - PHOTO BACKUP 01 - 5 Mar 2016\TRAVEL PHOTOS\01 - Overseas Travel Photos\2013-05 - a - France and UK May 2013\02 Central France\charming village house located 200 meters from Lake Annecy and Talloires beach - Advert n° 288403_files\SkiSet500x300.gif,C:\Users\David\Pictures\00 - PHOTO BACKUP 01 - 5 Mar 2016\TRAVEL PHOTOS\01 - Overseas Travel Photos\2013-05 - a - France and UK May 2013\02 Central France\charming village house located 200 meters from Lake Annecy and Talloires beach - Advert n° 288403_files\SkiSet500x300.gif,"(<class 'FileNotFoundError'>, FileNotFoundError(2, 'No such file or directory'), <traceback object at 0x000002DD5D2C5980>)"
"E:000 - PHOTO BACKUP 01 - 5 Mar 2016\TRAVEL PHOTOS\01 - Overseas Travel Photos\2013-05 - a - France and UK May 2013\03 Northern France\AAAA - Cottage rental in Pennedepie, Calvados, Normandy_ Book direct with private owners_ FR3288_files\GenerateCaptcha.gif","C:\Users\David\Pictures\00 - PHOTO BACKUP 01 - 5 Mar 2016\TRAVEL PHOTOS\01 - Overseas Travel Photos\2013-05 - a - France and UK May 2013\03 Northern France\AAAA - Cottage rental in Pennedepie, Calvados, Normandy_ Book direct with private owners_ FR3288_files\GenerateCaptcha.gif","(<class 'FileNotFoundError'>, FileNotFoundError(2, 'The filename or extension is too long'), <traceback object at 0x000002DD5D2C5E40>)"
"E:000 - PHOTO BACKUP 01 - 5 Mar 2016\TRAVEL PHOTOS\01 - Overseas Travel Photos\2013-05 - a - France and UK May 2013\03 Northern France\AAAA - Cottage rental in Pennedepie, Calvados, Normandy_ Book direct with private owners_ FR3288_files\GenerateCaptcha.gif","C:\Users\David\Pictures\00 - PHOTO BACKUP 01 - 5 Mar 2016\TRAVEL PHOTOS\01 - Overseas Travel Photos\2013-05 - a - France and UK May 2013\03 Northern France\AAAA - Cottage rental in Pennedepie, Calvados, Normandy_ Book direct with private owners_ FR3288_files\GenerateCaptcha.gif","(<class 'FileNotFoundError'>, FileNotFoundError(2, 'No such file or directory'), <traceback object at 0x000002DD5D2CD6C0>)"
"E:000 - PHOTO BACKUP 01 - 5 Mar 2016\TRAVEL PHOTOS\01 - Overseas Travel Photos\2013-05 - a - France and UK May 2013\03 Northern France\Apartment rental in Honfleur with walking, beach-lake nearby, log fire, rural retreat, TV, DVD_files\11.jpg","C:\Users\David\Pictures\00 - PHOTO BACKUP 01 - 5 Mar 2016\TRAVEL PHOTOS\01 - Overseas Travel Photos\2013-05 - a - France and UK May 2013\03 Northern France\Apartment rental in Honfleur with walking, beach-lake nearby, log fire, rural retreat, TV, DVD_files\11.jpg","(<class 'FileNotFoundError'>, FileNotFoundError(2, 'The filename or extension is too long'), <traceback object at 0x000002DD5D2CD7C0>)"
"E:000 - PHOTO BACKUP 01 - 5 Mar 2016\TRAVEL PHOTOS\01 - Overseas Travel Photos\2013-05 - a - France and UK May 2013\03 Northern France\Apartment rental in Honfleur with walking, beach-lake nearby, log fire, rural retreat, TV, DVD_files\11.jpg","C:\Users\David\Pictures\00 - PHOTO BACKUP 01 - 5 Mar 2016\TRAVEL PHOTOS\01 - Overseas Travel Photos\2013-05 - a - France and UK May 2013\03 Northern France\Apartment rental in Honfleur with walking, beach-lake nearby, log fire, rural retreat, TV, DVD_files\11.jpg","(<class 'FileNotFoundError'>, FileNotFoundError(2, 'No such file or directory'), <traceback object at 0x000002DD5D2CDAC0>)"
"E:000 - PHOTO BACKUP 01 - 5 Mar 2016\TRAVEL PHOTOS\01 - Overseas Travel Photos\2013-05 - a - France and UK May 2013\03 Northern France\Apartment rental in Honfleur with walking, beach-lake nearby, log fire, rural retreat, TV, DVD_files\1CA8MA0IN.jpg","C:\Users\David\Pictures\00 - PHOTO BACKUP 01 - 5 Mar 2016\TRAVEL PHOTOS\01 - Overseas Travel Photos\2013-05 - a - France and UK May 2013\03 Northern France\Apartment rental in Honfleur with walking, beach-lake nearby, log fire, rural retreat, TV, DVD_files\1CA8MA0IN.jpg","(<class 'FileNotFoundError'>, FileNotFoundError(2, 'The filename or extension is too long'), <traceback object at 0x000002DD5D2CDB80>)"
"E:000 - PHOTO BACKUP 01 - 5 Mar 2016\TRAVEL PHOTOS\01 - Overseas Travel Photos\2013-05 - a - France and UK May 2013\03 Northern France\Apartment rental in Honfleur with walking, beach-lake nearby, log fire, rural retreat, TV, DVD_files\1CA8MA0IN.jpg","C:\Users\David\Pictures\00 - PHOTO BACKUP 01 - 5 Mar 2016\TRAVEL PHOTOS\01 - Overseas Travel Photos\2013-05 - a - France and UK May 2013\03 Northern France\Apartment rental in Honfleur with walking, beach-lake nearby, log fire, rural retreat, TV, DVD_files\1CA8MA0IN.jpg","(<class 'FileNotFoundError'>, FileNotFoundError(2, 'No such file or directory'), <traceback object at 0x000002DD5D2CDE00>)"
"E:000 - PHOTO BACKUP 01 - 5 Mar 2016\TRAVEL PHOTOS\01 - Overseas Travel Photos\2013-05 - a - France and UK May 2013\03 Northern France\Apartment rental in Honfleur with walking, beach-lake nearby, log fire, rural retreat, TV, DVD_files\1CABJGJLY.jpg","C:\Users\David\Pictures\00 - PHOTO BACKUP 01 - 5 Mar 2016\TRAVEL PHOTOS\01 - Overseas Travel Photos\2013-05 - a - France and UK May 2013\03 Northern France\Apartment rental in Honfleur with walking, beach-lake nearby, log fire, rural retreat, TV, DVD_files\1CABJGJLY.jpg","(<class 'FileNotFoundError'>, FileNotFoundError(2, 'The filename or extension is too long'), <traceback object at 0x000002DD5D2D9040>)"
"E:000 - PHOTO BACKUP 01 - 5 Mar 2016\TRAVEL PHOTOS\01 - Overseas Travel Photos\2013-05 - a - France and UK May 2013\03 Northern France\Apartment rental in Honfleur with walking, beach-lake nearby, log fire, rural retreat, TV, DVD_files\1CABJGJLY.jpg","C:\Users\David\Pictures\00 - PHOTO BACKUP 01 - 5 Mar 2016\TRAVEL PHOTOS\01 - Overseas Travel Photos\2013-05 - a - France and UK May 2013\03 Northern France\Apartment rental in Honfleur with walking, beach-lake nearby, log fire, rural retreat, TV, DVD_files\1CABJGJLY.jpg","(<class 'FileNotFoundError'>, FileNotFoundError(2, 'No such file or directory'), <traceback object at 0x000002DD5D2D9200>)"
"E:000 - PHOTO BACKUP 01 - 5 Mar 2016\TRAVEL PHOTOS\01 - Overseas Travel Photos\2013-05 - a - France and UK May 2013\03 Northern France\Apartment rental in Honfleur with walking, beach-lake nearby, log fire, rural retreat, TV, DVD_files\1CADHO24E.jpg","C:\Users\David\Pictures\00 - PHOTO BACKUP 01 - 5 Mar 2016\TRAVEL PHOTOS\01 - Overseas Travel Photos\2013-05 - a - France and UK May 2013\03 Northern France\Apartment rental in Honfleur with walking, beach-lake nearby, log fire, rural retreat, TV, DVD_files\1CADHO24E.jpg","(<class 'FileNotFoundError'>, FileNotFoundError(2, 'The filename or extension is too long'), <traceback object at 0x000002DD5D2D93C0>)"
"E:000 - PHOTO BACKUP 01 - 5 Mar 2016\TRAVEL PHOTOS\01 - Overseas Travel Photos\2013-05 - a - France and UK May 2013\03 Northern France\Apartment rental in Honfleur with walking, beach-lake nearby, log fire, rural retreat, TV, DVD_files\1CADHO24E.jpg","C:\Users\David\Pictures\00 - PHOTO BACKUP 01 - 5 Mar 2016\TRAVEL PHOTOS\01 - Overseas Travel Photos\2013-05 - a - France and UK May 2013\03 Northern France\Apartment rental in Honfleur with walking, beach-lake nearby, log fire, rural retreat, TV, DVD_files\1CADHO24E.jpg","(<class 'FileNotFoundError'>, FileNotFoundError(2, 'No such file or directory'), <traceback object at 0x000002DD5D2D9240>)"
"E:000 - PHOTO BACKUP 01 - 5 Mar 2016\TRAVEL PHOTOS\01 - Overseas Travel Photos\2013-05 - a - France and UK May 2013\03 Northern France\Apartment rental in Honfleur with walking, beach-lake nearby, log fire, rural retreat, TV, DVD_files\2(1).jpg","C:\Users\David\Pictures\00 - PHOTO BACKUP 01 - 5 Mar 2016\TRAVEL PHOTOS\01 - Overseas Travel Photos\2013-05 - a - France and UK May 2013\03 Northern France\Apartment rental in Honfleur with walking, beach-lake nearby, log fire, rural retreat, TV, DVD_files\2(1).jpg","(<class 'FileNotFoundError'>, FileNotFoundError(2, 'The filename or extension is too long'), <traceback object at 0x000002DD5D2D9780>)"
"E:000 - PHOTO BACKUP 01 - 5 Mar 2016\TRAVEL PHOTOS\01 - Overseas Travel Photos\2013-05 - a - France and UK May 2013\03 Northern France\Apartment rental in Honfleur with walking, beach-lake nearby, log fire, rural retreat, TV, DVD_files\2(1).jpg","C:\Users\David\Pictures\00 - PHOTO BACKUP 01 - 5 Mar 2016\TRAVEL PHOTOS\01 - Overseas Travel Photos\2013-05 - a - France and UK May 2013\03 Northern France\Apartment rental in Honfleur with walking, beach-lake nearby, log fire, rural retreat, TV, DVD_files\2(1).jpg","(<class 'FileNotFoundError'>, FileNotFoundError(2, 'No such file or directory'), <traceback object at 0x000002DD5D2D9900>)"
"E:000 - PHOTO BACKUP 01 - 5 Mar 2016\TRAVEL PHOTOS\01 - Overseas Travel Photos\2013-05 - a - France and UK May 2013\03 Northern France\Apartment rental in Honfleur with walking, beach-lake nearby, log fire, rural retreat, TV, DVD_files\2.jpg","C:\Users\David\Pictures\00 - PHOTO BACKUP 01 - 5 Mar 2016\TRAVEL PHOTOS\01 - Overseas Travel Photos\2013-05 - a - France and UK May 2013\03 Northern France\Apartment rental in Honfleur with walking, beach-lake nearby, log fire, rural retreat, TV, DVD_files\2.jpg","(<class 'FileNotFoundError'>, FileNotFoundError(2, 'The filename or extension is too long'), <traceback object at 0x000002DD5D2D9B40>)"
"E:000 - PHOTO BACKUP 01 - 5 Mar 2016\TRAVEL PHOTOS\01 - Overseas Travel Photos\2013-05 - a - France and UK May 2013\03 Northern France\Apartment rental in Honfleur with walking, beach-lake nearby, log fire, rural retreat, TV, DVD_files\2.jpg","C:\Users\David\Pictures\00 - PHOTO BACKUP 01 - 5 Mar 2016\TRAVEL PHOTOS\01 - Overseas Travel Photos\2013-05 - a - France and UK May 2013\03 Northern France\Apartment rental in Honfleur with walking, beach-lake nearby, log fire, rural retreat, TV, DVD_files\2.jpg","(<class 'FileNotFoundError'>, FileNotFoundError(2, 'No such file or directory'), <traceback object at 0x000002DD5D2D9CC0>)"
"E:000 - PHOTO BACKUP 01 - 5 Mar 2016\TRAVEL PHOTOS\01 - Overseas Travel Photos\2013-05 - a - France and UK May 2013\03 Northern France\Apartment rental in Honfleur with walking, beach-lake nearby, log fire, rural retreat, TV, DVD_files\3(1).jpg","C:\Users\David\Pictures\00 - PHOTO BACKUP 01 - 5 Mar 2016\TRAVEL PHOTOS\01 - Overseas Travel Photos\2013-05 - a - France and UK May 2013\03 Northern France\Apartment rental in Honfleur with walking, beach-lake nearby, log fire, rural retreat, TV, DVD_files\3(1).jpg","(<class 'FileNotFoundError'>, FileNotFoundError(2, 'The filename or extension is too long'), <traceback object at 0x000002DD5D2D9F00>)"
"E:000 - PHOTO BACKUP 01 - 5 Mar 2016\TRAVEL PHOTOS\01 - Overseas Travel Photos\2013-05 - a - France and UK May 2013\03 Northern France\Apartment rental in Honfleur with walking, beach-lake nearby, log fire, rural retreat, TV, DVD_files\3(1).jpg","C:\Users\David\Pictures\00 - PHOTO BACKUP 01 - 5 Mar 2016\TRAVEL PHOTOS\01 - Overseas Travel Photos\2013-05 - a - France and UK May 2013\03 Northern France\Apartment rental in Honfleur with walking, beach-lake nearby, log fire, rural retreat, TV, DVD_files\3(1).jpg","(<class 'FileNotFoundError'>, FileNotFoundError(2, 'No such file or directory'), <traceback object at 0x000002DD5D2DE0C0>)"
"E:000 - PHOTO BACKUP 01 - 5 Mar 2016\TRAVEL PHOTOS\01 - Overseas Travel Photos\2013-05 - a - France and UK May 2013\03 Northern France\Apartment rental in Honfleur with walking, beach-lake nearby, log fire, rural retreat, TV, DVD_files\3.jpg","C:\Users\David\Pictures\00 - PHOTO BACKUP 01 - 5 Mar 2016\TRAVEL PHOTOS\01 - Overseas Travel Photos\2013-05 - a - France and UK May 2013\03 Northern France\Apartment rental in Honfleur with walking, beach-lake nearby, log fire, rural retreat, TV, DVD_files\3.jpg","(<class 'FileNotFoundError'>, FileNotFoundError(2, 'The filename or extension is too long'), <traceback object at 0x000002DD5D2DE300>)"
"E:000 - PHOTO BACKUP 01 - 5 Mar 2016\TRAVEL PHOTOS\01 - Overseas Travel Photos\2013-05 - a - France and UK May 2013\03 Northern France\Apartment rental in Honfleur with walking, beach-lake nearby, log fire, rural retreat, TV, DVD_files\3.jpg","C:\Users\David\Pictures\00 - PHOTO BACKUP 01 - 5 Mar 2016\TRAVEL PHOTOS\01 - Overseas Travel Photos\2013-05 - a - France and UK May 2013\03 Northern France\Apartment rental in Honfleur with walking, beach-lake nearby, log fire, rural retreat, TV, DVD_files\3.jpg","(<class 'FileNotFoundError'>, FileNotFoundError(2, 'No such file or directory'), <traceback object at 0x000002DD5D2DE180>)"
"E:000 - PHOTO BACKUP 01 - 5 Mar 2016\TRAVEL PHOTOS\01 - Overseas Travel Photos\2013-05 - a - France and UK May 2013\03 Northern France\Apartment rental in Honfleur with walking, beach-lake nearby, log fire, rural retreat, TV, DVD_files\5.jpg","C:\Users\David\Pictures\00 - PHOTO BACKUP 01 - 5 Mar 2016\TRAVEL PHOTOS\01 - Overseas Travel Photos\2013-05 - a - France and UK May 2013\03 Northern France\Apartment rental in Honfleur with walking, beach-lake nearby, log fire, rural retreat, TV, DVD_files\5.jpg","(<class 'FileNotFoundError'>, FileNotFoundError(2, 'The filename or extension is too long'), <traceback object at 0x000002DD5D2DE6C0>)"
"E:000 - PHOTO BACKUP 01 - 5 Mar 2016\TRAVEL PHOTOS\01 - Overseas Travel Photos\2013-05 - a - France and UK May 2013\03 Northern France\Apartment rental in Honfleur with walking, beach-lake nearby, log fire, rural retreat, TV, DVD_files\5.jpg","C:\Users\David\Pictures\00 - PHOTO BACKUP 01 - 5 Mar 2016\TRAVEL PHOTOS\01 - Overseas Travel Photos\2013-05 - a - France and UK May 2013\03 Northern France\Apartment rental in Honfleur with walking, beach-lake nearby, log fire, rural retreat, TV, DVD_files\5.jpg","(<class 'FileNotFoundError'>, FileNotFoundError(2, 'No such file or directory'), <traceback object at 0x000002DD5D2DE540>)"
"E:000 - PHOTO BACKUP 01 - 5 Mar 2016\TRAVEL PHOTOS\01 - Overseas Travel Photos\2013-05 - a - France and UK May 2013\03 Northern France\Apartment rental in Honfleur with walking, beach-lake nearby, log fire, rural retreat, TV, DVD_files\7.jpg","C:\Users\David\Pictures\00 - PHOTO BACKUP 01 - 5 Mar 2016\TRAVEL PHOTOS\01 - Overseas Travel Photos\2013-05 - a - France and UK May 2013\03 Northern France\Apartment rental in Honfleur with walking, beach-lake nearby, log fire, rural retreat, TV, DVD_files\7.jpg","(<class 'FileNotFoundError'>, FileNotFoundError(2, 'The filename or extension is too long'), <traceback object at 0x000002DD5D2DEA80>)"
"E:000 - PHOTO BACKUP 01 - 5 Mar 2016\TRAVEL PHOTOS\01 - Overseas Travel Photos\2013-05 - a - France and UK May 2013\03 Northern France\Apartment rental in Honfleur with walking, beach-lake nearby, log fire, rural retreat, TV, DVD_files\7.jpg","C:\Users\David\Pictures\00 - PHOTO BACKUP 01 - 5 Mar 2016\TRAVEL PHOTOS\01 - Overseas Travel Photos\2013-05 - a - France and UK May 2013\03 Northern France\Apartment rental in Honfleur with walking, beach-lake nearby, log fire, rural retreat, TV, DVD_files\7.jpg","(<class 'FileNotFoundError'>, FileNotFoundError(2, 'No such file or directory'), <traceback object at 0x000002DD5D2DE840>)"
"E:000 - PHOTO BACKUP 01 - 5 Mar 2016\TRAVEL PHOTOS\01 - Overseas Travel Photos\2013-05 - a - France and UK May 2013\03 Northern France\Apartment rental in Honfleur with walking, beach-lake nearby, log fire, rural retreat, TV, DVD_files\9.jpg","C:\Users\David\Pictures\00 - PHOTO BACKUP 01 - 5 Mar 2016\TRAVEL PHOTOS\01 - Overseas Travel Photos\2013-05 - a - France and UK May 2013\03 Northern France\Apartment rental in Honfleur with walking, beach-lake nearby, log fire, rural retreat, TV, DVD_files\9.jpg","(<class 'FileNotFoundError'>, FileNotFoundError(2, 'The filename or extension is too long'), <traceback object at 0x000002DD5D2DEE40>)"
"E:000 - PHOTO BACKUP 01 - 5 Mar 2016\TRAVEL PHOTOS\01 - Overseas Travel Photos\2013-05 - a - France and UK May 2013\03 Northern France\Apartment rental in Honfleur with walking, beach-lake nearby, log fire, rural retreat, TV, DVD_files\9.jpg","C:\Users\David\Pictures\00 - PHOTO BACKUP 01 - 5 Mar 2016\TRAVEL PHOTOS\01 - Overseas Travel Photos\2013-05 - a - France and UK May 2013\03 Northern France\Apartment rental in Honfleur with walking, beach-lake nearby, log fire, rural retreat, TV, DVD_files\9.jpg","(<class 'FileNotFoundError'>, FileNotFoundError(2, 'No such file or directory'), <traceback object at 0x000002DD5D2E2080>)"
E:000 - PHOTO BACKUP 01 - 5 Mar 2016\TRAVEL PHOTOS\01 - Overseas Travel Photos\2013-05 - a - France and UK May 2013\Peugeot Car Leasing in Europe 2012 Rates - Book your next Peugeot Car Lease Holiday with UK and Europe Travel_files\blank.gif,C:\Users\David\Pictures\00 - PHOTO BACKUP 01 - 5 Mar 2016\TRAVEL PHOTOS\01 - Overseas Travel Photos\2013-05 - a - France and UK May 2013\Peugeot Car Leasing in Europe 2012 Rates - Book your next Peugeot Car Lease Holiday with UK and Europe Travel_files\blank.gif,"(<class 'FileNotFoundError'>, FileNotFoundError(2, 'The filename or extension is too long'), <traceback object at 0x000002DD5D2E2380>)"
E:000 - PHOTO BACKUP 01 - 5 Mar 2016\TRAVEL PHOTOS\01 - Overseas Travel Photos\2013-05 - a - France and UK May 2013\Peugeot Car Leasing in Europe 2012 Rates - Book your next Peugeot Car Lease Holiday with UK and Europe Travel_files\blank.gif,C:\Users\David\Pictures\00 - PHOTO BACKUP 01 - 5 Mar 2016\TRAVEL PHOTOS\01 - Overseas Travel Photos\2013-05 - a - France and UK May 2013\Peugeot Car Leasing in Europe 2012 Rates - Book your next Peugeot Car Lease Holiday with UK and Europe Travel_files\blank.gif,"(<class 'FileNotFoundError'>, FileNotFoundError(2, 'No such file or directory'), <traceback object at 0x000002DD5D2E2480>)"
"E:000 - PHOTO BACKUP 01 - 5 Mar 2016\TRAVEL PHOTOS\01 - Overseas Travel Photos\2013-05 - a - France and UK May 2013\03 Northern France\Apartment rental in Honfleur with walking, beach-lake nearby, log fire, rural retreat, TV, DVD_files\france.gif","C:\Users\David\Pictures\00 - PHOTO BACKUP 01 - 5 Mar 2016\TRAVEL PHOTOS\01 - Overseas Travel Photos\2013-05 - a - France and UK May 2013\03 Northern France\Apartment rental in Honfleur with walking, beach-lake nearby, log fire, rural retreat, TV, DVD_files\france.gif","(<class 'FileNotFoundError'>, FileNotFoundError(2, 'The filename or extension is too long'), <traceback object at 0x000002DD5D2E2940>)"
"E:000 - PHOTO BACKUP 01 - 5 Mar 2016\TRAVEL PHOTOS\01 - Overseas Travel Photos\2013-05 - a - France and UK May 2013\03 Northern France\Apartment rental in Honfleur with walking, beach-lake nearby, log fire, rural retreat, TV, DVD_files\france.gif","C:\Users\David\Pictures\00 - PHOTO BACKUP 01 - 5 Mar 2016\TRAVEL PHOTOS\01 - Overseas Travel Photos\2013-05 - a - France and UK May 2013\03 Northern France\Apartment rental in Honfleur with walking, beach-lake nearby, log fire, rural retreat, TV, DVD_files\france.gif","(<class 'FileNotFoundError'>, FileNotFoundError(2, 'No such file or directory'), <traceback object at 0x000002DD5D2E2B00>)"
"E:000 - PHOTO BACKUP 01 - 5 Mar 2016\TRAVEL PHOTOS\01 - Overseas Travel Photos\2013-05 - a - France and UK May 2013\03 Northern France\Apartment rental in Honfleur with walking, beach-lake nearby, log fire, rural retreat, TV, DVD_files\france_towns.gif","C:\Users\David\Pictures\00 - PHOTO BACKUP 01 - 5 Mar 2016\TRAVEL PHOTOS\01 - Overseas Travel Photos\2013-05 - a - France and UK May 2013\03 Northern France\Apartment rental in Honfleur with walking, beach-lake nearby, log fire, rural retreat, TV, DVD_files\france_towns.gif","(<class 'FileNotFoundError'>, FileNotFoundError(2, 'The filename or extension is too long'), <traceback object at 0x000002DD5D2E2CC0>)"
"E:000 - PHOTO BACKUP 01 - 5 Mar 2016\TRAVEL PHOTOS\01 - Overseas Travel Photos\2013-05 - a - France and UK May 2013\03 Northern France\Apartment rental in Honfleur with walking, beach-lake nearby, log fire, rural retreat, TV, DVD_files\france_towns.gif","C:\Users\David\Pictures\00 - PHOTO BACKUP 01 - 5 Mar 2016\TRAVEL PHOTOS\01 - Overseas Travel Photos\2013-05 - a - France and UK May 2013\03 Northern France\Apartment rental in Honfleur with walking, beach-lake nearby, log fire, rural retreat, TV, DVD_files\france_towns.gif","(<class 'FileNotFoundError'>, FileNotFoundError(2, 'No such file or directory'), <traceback object at 0x000002DD5D2E2B40>)"
"E:000 - PHOTO BACKUP 01 - 5 Mar 2016\TRAVEL PHOTOS\01 - Overseas Travel Photos\2013-05 - a - France and UK May 2013\03 Northern France\Apartment rental in Honfleur with walking, beach-lake nearby, log fire, rural retreat, TV, DVD_files\target1.gif","C:\Users\David\Pictures\00 - PHOTO BACKUP 01 - 5 Mar 2016\TRAVEL PHOTOS\01 - Overseas Travel Photos\2013-05 - a - France and UK May 2013\03 Northern France\Apartment rental in Honfleur with walking, beach-lake nearby, log fire, rural retreat, TV, DVD_files\target1.gif","(<class 'FileNotFoundError'>, FileNotFoundError(2, 'The filename or extension is too long'), <traceback object at 0x000002DD5D2EB240>)"
"E:000 - PHOTO BACKUP 01 - 5 Mar 2016\TRAVEL PHOTOS\01 - Overseas Travel Photos\2013-05 - a - France and UK May 2013\03 Northern France\Apartment rental in Honfleur with walking, beach-lake nearby, log fire, rural retreat, TV, DVD_files\target1.gif","C:\Users\David\Pictures\00 - PHOTO BACKUP 01 - 5 Mar 2016\TRAVEL PHOTOS\01 - Overseas Travel Photos\2013-05 - a - France and UK May 2013\03 Northern France\Apartment rental in Honfleur with walking, beach-lake nearby, log fire, rural retreat, TV, DVD_files\target1.gif","(<class 'FileNotFoundError'>, FileNotFoundError(2, 'No such file or directory'), <traceback object at 0x000002DD5D2EB400>)"
"E:000 - PHOTO BACKUP 01 - 5 Mar 2016\TRAVEL PHOTOS\01 - Overseas Travel Photos\2013-05 - a - France and UK May 2013\03 Northern France\Cottage rental in Pennedepie, Calvados, Normandy_ Book direct with private owners_ FR3288_files\GenerateCaptcha.gif","C:\Users\David\Pictures\00 - PHOTO BACKUP 01 - 5 Mar 2016\TRAVEL PHOTOS\01 - Overseas Travel Photos\2013-05 - a - France and UK May 2013\03 Northern France\Cottage rental in Pennedepie, Calvados, Normandy_ Book direct with private owners_ FR3288_files\GenerateCaptcha.gif","(<class 'FileNotFoundError'>, FileNotFoundError(2, 'The filename or extension is too long'), <traceback object at 0x000002DD5D2EB680>)"
"E:000 - PHOTO BACKUP 01 - 5 Mar 2016\TRAVEL PHOTOS\01 - Overseas Travel Photos\2013-05 - a - France and UK May 2013\03 Northern France\Cottage rental in Pennedepie, Calvados, Normandy_ Book direct with private owners_ FR3288_files\GenerateCaptcha.gif","C:\Users\David\Pictures\00 - PHOTO BACKUP 01 - 5 Mar 2016\TRAVEL PHOTOS\01 - Overseas Travel Photos\2013-05 - a - France and UK May 2013\03 Northern France\Cottage rental in Pennedepie, Calvados, Normandy_ Book direct with private owners_ FR3288_files\GenerateCaptcha.gif","(<class 'FileNotFoundError'>, FileNotFoundError(2, 'No such file or directory'), <traceback object at 0x000002DD5D2EB880>)"
"E:000 - PHOTO BACKUP 01 - 5 Mar 2016\TRAVEL PHOTOS\01 - Overseas Travel Photos\2013-05 - a - France and UK May 2013\03 Northern France\Holiday apartment in Honfleur, Le Vieux Port with walking, rural retreat, TV_files\dis-email-the-owner-grey.png","C:\Users\David\Pictures\00 - PHOTO BACKUP 01 - 5 Mar 2016\TRAVEL PHOTOS\01 - Overseas Travel Photos\2013-05 - a - France and UK May 2013\03 Northern France\Holiday apartment in Honfleur, Le Vieux Port with walking, rural retreat, TV_files\dis-email-the-owner-grey.png","(<class 'FileNotFoundError'>, FileNotFoundError(2, 'No such file or directory'), <traceback object at 0x000002DD5D2EBC00>)"
"E:000 - PHOTO BACKUP 01 - 5 Mar 2016\TRAVEL PHOTOS\01 - Overseas Travel Photos\2013-05 - a - France and UK May 2013\03 Northern France\Holiday apartment in Honfleur, Le Vieux Port with walking, rural retreat, TV_files\g-all-photos18-white.gif","C:\Users\David\Pictures\00 - PHOTO BACKUP 01 - 5 Mar 2016\TRAVEL PHOTOS\01 - Overseas Travel Photos\2013-05 - a - France and UK May 2013\03 Northern France\Holiday apartment in Honfleur, Le Vieux Port with walking, rural retreat, TV_files\g-all-photos18-white.gif","(<class 'FileNotFoundError'>, FileNotFoundError(2, 'No such file or directory'), <traceback object at 0x000002DD5D2F8080>)"
"E:000 - PHOTO BACKUP 01 - 5 Mar 2016\TRAVEL PHOTOS\01 - Overseas Travel Photos\2013-05 - a - France and UK May 2013\03 Northern France\Holiday apartment in Honfleur, Le Vieux Port with walking, rural retreat, TV_files\o-email-the-owner-grey.png","C:\Users\David\Pictures\00 - PHOTO BACKUP 01 - 5 Mar 2016\TRAVEL PHOTOS\01 - Overseas Travel Photos\2013-05 - a - France and UK May 2013\03 Northern France\Holiday apartment in Honfleur, Le Vieux Port with walking, rural retreat, TV_files\o-email-the-owner-grey.png","(<class 'FileNotFoundError'>, FileNotFoundError(2, 'No such file or directory'), <traceback object at 0x000002DD5D2F8100>)"
"E:000 - PHOTO BACKUP 01 - 5 Mar 2016\TRAVEL PHOTOS\01 - Overseas Travel Photos\2013-05 - a - France and UK May 2013\04 Southern England\Fosse Farmhouse b&b, guesthouse, hotel, accommodation, self catering, castle combe_files\4st_guest_accom.jpg","C:\Users\David\Pictures\00 - PHOTO BACKUP 01 - 5 Mar 2016\TRAVEL PHOTOS\01 - Overseas Travel Photos\2013-05 - a - France and UK May 2013\04 Southern England\Fosse Farmhouse b&b, guesthouse, hotel, accommodation, self catering, castle combe_files\4st_guest_accom.jpg","(<class 'FileNotFoundError'>, FileNotFoundError(2, 'No such file or directory'), <traceback object at 0x000002DD5D2F85C0>)"
"E:000 - PHOTO BACKUP 01 - 5 Mar 2016\TRAVEL PHOTOS\01 - Overseas Travel Photos\2013-05 - a - France and UK May 2013\04 Southern England\Fosse Farmhouse b&b, guesthouse, hotel, accommodation, self catering, castle combe_files\CotswoldsChinaLogo.png","C:\Users\David\Pictures\00 - PHOTO BACKUP 01 - 5 Mar 2016\TRAVEL PHOTOS\01 - Overseas Travel Photos\2013-05 - a - France and UK May 2013\04 Southern England\Fosse Farmhouse b&b, guesthouse, hotel, accommodation, self catering, castle combe_files\CotswoldsChinaLogo.png","(<class 'FileNotFoundError'>, FileNotFoundError(2, 'No such file or directory'), <traceback object at 0x000002DD5D2F8900>)"
"E:000 - PHOTO BACKUP 01 - 5 Mar 2016\TRAVEL PHOTOS\01 - Overseas Travel Photos\2013-05 - a - France and UK May 2013\04 Southern England\Fosse Farmhouse b&b, guesthouse, hotel, accommodation, self catering, castle combe_files\droppedImage-leveled.jpg","C:\Users\David\Pictures\00 - PHOTO BACKUP 01 - 5 Mar 2016\TRAVEL PHOTOS\01 - Overseas Travel Photos\2013-05 - a - France and UK May 2013\04 Southern England\Fosse Farmhouse b&b, guesthouse, hotel, accommodation, self catering, castle combe_files\droppedImage-leveled.jpg","(<class 'FileNotFoundError'>, FileNotFoundError(2, 'No such file or directory'), <traceback object at 0x000002DD5D2F8940>)"
"E:000 - PHOTO BACKUP 01 - 5 Mar 2016\TRAVEL PHOTOS\01 - Overseas Travel Photos\2013-05 - a - France and UK May 2013\04 Southern England\Fosse Farmhouse b&b, guesthouse, hotel, accommodation, self catering, castle combe_files\Facebook_icon.png","C:\Users\David\Pictures\00 - PHOTO BACKUP 01 - 5 Mar 2016\TRAVEL PHOTOS\01 - Overseas Travel Photos\2013-05 - a - France and UK May 2013\04 Southern England\Fosse Farmhouse b&b, guesthouse, hotel, accommodation, self catering, castle combe_files\Facebook_icon.png","(<class 'FileNotFoundError'>, FileNotFoundError(2, 'No such file or directory'), <traceback object at 0x000002DD5D2F8AC0>)"
"E:000 - PHOTO BACKUP 01 - 5 Mar 2016\TRAVEL PHOTOS\01 - Overseas Travel Photos\2013-05 - a - France and UK May 2013\04 Southern England\Fosse Farmhouse b&b, guesthouse, hotel, accommodation, self catering, castle combe_files\Guest%20Accommodation.png","C:\Users\David\Pictures\00 - PHOTO BACKUP 01 - 5 Mar 2016\TRAVEL PHOTOS\01 - Overseas Travel Photos\2013-05 - a - France and UK May 2013\04 Southern England\Fosse Farmhouse b&b, guesthouse, hotel, accommodation, self catering, castle combe_files\Guest%20Accommodation.png","(<class 'FileNotFoundError'>, FileNotFoundError(2, 'No such file or directory'), <traceback object at 0x000002DD5D2F8FC0>)"
"E:000 - PHOTO BACKUP 01 - 5 Mar 2016\TRAVEL PHOTOS\01 - Overseas Travel Photos\2013-05 - a - France and UK May 2013\04 Southern England\Fosse Farmhouse b&b, guesthouse, hotel, accommodation, self catering, castle combe_files\shapeimage_1.png","C:\Users\David\Pictures\00 - PHOTO BACKUP 01 - 5 Mar 2016\TRAVEL PHOTOS\01 - Overseas Travel Photos\2013-05 - a - France and UK May 2013\04 Southern England\Fosse Farmhouse b&b, guesthouse, hotel, accommodation, self catering, castle combe_files\shapeimage_1.png","(<class 'FileNotFoundError'>, FileNotFoundError(2, 'No such file or directory'), <traceback object at 0x000002DD5D300200>)"
"E:000 - PHOTO BACKUP 01 - 5 Mar 2016\TRAVEL PHOTOS\01 - Overseas Travel Photos\2013-05 - a - France and UK May 2013\04 Southern England\Fosse Farmhouse b&b, guesthouse, hotel, accommodation, self catering, castle combe_files\shapeimage_2.png","C:\Users\David\Pictures\00 - PHOTO BACKUP 01 - 5 Mar 2016\TRAVEL PHOTOS\01 - Overseas Travel Photos\2013-05 - a - France and UK May 2013\04 Southern England\Fosse Farmhouse b&b, guesthouse, hotel, accommodation, self catering, castle combe_files\shapeimage_2.png","(<class 'FileNotFoundError'>, FileNotFoundError(2, 'No such file or directory'), <traceback object at 0x000002DD5D3003C0>)"
"E:000 - PHOTO BACKUP 01 - 5 Mar 2016\TRAVEL PHOTOS\01 - Overseas Travel Photos\2013-05 - a - France and UK May 2013\04 Southern England\Fosse Farmhouse b&b, guesthouse, hotel, accommodation, self catering, castle combe_files\shapeimage_2_link_0.png","C:\Users\David\Pictures\00 - PHOTO BACKUP 01 - 5 Mar 2016\TRAVEL PHOTOS\01 - Overseas Travel Photos\2013-05 - a - France and UK May 2013\04 Southern England\Fosse Farmhouse b&b, guesthouse, hotel, accommodation, self catering, castle combe_files\shapeimage_2_link_0.png","(<class 'FileNotFoundError'>, FileNotFoundError(2, 'No such file or directory'), <traceback object at 0x000002DD5D3002C0>)"
"E:000 - PHOTO BACKUP 01 - 5 Mar 2016\TRAVEL PHOTOS\01 - Overseas Travel Photos\2013-05 - a - France and UK May 2013\04 Southern England\Fosse Farmhouse b&b, guesthouse, hotel, accommodation, self catering, castle combe_files\shapeimage_3.png","C:\Users\David\Pictures\00 - PHOTO BACKUP 01 - 5 Mar 2016\TRAVEL PHOTOS\01 - Overseas Travel Photos\2013-05 - a - France and UK May 2013\04 Southern England\Fosse Farmhouse b&b, guesthouse, hotel, accommodation, self catering, castle combe_files\shapeimage_3.png","(<class 'FileNotFoundError'>, FileNotFoundError(2, 'No such file or directory'), <traceback object at 0x000002DD5D3008C0>)"
"E:000 - PHOTO BACKUP 01 - 5 Mar 2016\TRAVEL PHOTOS\01 - Overseas Travel Photos\2013-05 - a - France and UK May 2013\04 Southern England\Fosse Farmhouse b&b, guesthouse, hotel, accommodation, self catering, castle combe_files\shapeimage_3_link_0.png","C:\Users\David\Pictures\00 - PHOTO BACKUP 01 - 5 Mar 2016\TRAVEL PHOTOS\01 - Overseas Travel Photos\2013-05 - a - France and UK May 2013\04 Southern England\Fosse Farmhouse b&b, guesthouse, hotel, accommodation, self catering, castle combe_files\shapeimage_3_link_0.png","(<class 'FileNotFoundError'>, FileNotFoundError(2, 'No such file or directory'), <traceback object at 0x000002DD5D300980>)"
"E:000 - PHOTO BACKUP 01 - 5 Mar 2016\TRAVEL PHOTOS\01 - Overseas Travel Photos\2013-05 - a - France and UK May 2013\04 Southern England\Fosse Farmhouse b&b, guesthouse, hotel, accommodation, self catering, castle combe_files\shapeimage_4.png","C:\Users\David\Pictures\00 - PHOTO BACKUP 01 - 5 Mar 2016\TRAVEL PHOTOS\01 - Overseas Travel Photos\2013-05 - a - France and UK May 2013\04 Southern England\Fosse Farmhouse b&b, guesthouse, hotel, accommodation, self catering, castle combe_files\shapeimage_4.png","(<class 'FileNotFoundError'>, FileNotFoundError(2, 'No such file or directory'), <traceback object at 0x000002DD5D300DC0>)"
"E:000 - PHOTO BACKUP 01 - 5 Mar 2016\TRAVEL PHOTOS\01 - Overseas Travel Photos\2013-05 - a - France and UK May 2013\04 Southern England\Fosse Farmhouse b&b, guesthouse, hotel, accommodation, self catering, castle combe_files\Twitter_button.png","C:\Users\David\Pictures\00 - PHOTO BACKUP 01 - 5 Mar 2016\TRAVEL PHOTOS\01 - Overseas Travel Photos\2013-05 - a - France and UK May 2013\04 Southern England\Fosse Farmhouse b&b, guesthouse, hotel, accommodation, self catering, castle combe_files\Twitter_button.png","(<class 'FileNotFoundError'>, FileNotFoundError(2, 'No such file or directory'), <traceback object at 0x000002DD5D304040>)"
"E:000 - PHOTO BACKUP 01 - 5 Mar 2016\TRAVEL PHOTOS\01 - Overseas Travel Photos\2013-05 - a - France and UK May 2013\04 Southern England\Fosse Farmhouse b&b, guesthouse, hotel, accommodation, self catering, castle combe_files\Wi-Fi-ZONE-logo.GIF.png","C:\Users\David\Pictures\00 - PHOTO BACKUP 01 - 5 Mar 2016\TRAVEL PHOTOS\01 - Overseas Travel Photos\2013-05 - a - France and UK May 2013\04 Southern England\Fosse Farmhouse b&b, guesthouse, hotel, accommodation, self catering, castle combe_files\Wi-Fi-ZONE-logo.GIF.png","(<class 'FileNotFoundError'>, FileNotFoundError(2, 'No such file or directory'), <traceback object at 0x000002DD5D304200>)"
"E:000 - PHOTO BACKUP 01 - 5 Mar 2016\TRAVEL PHOTOS\01 - Overseas Travel Photos\2013-05 - a - France and UK May 2013\04 Southern England\Fosse Farmhouse b&b, guesthouse, hotel, accommodation, self catering, castle combe_files\YoutubeButton.jpg","C:\Users\David\Pictures\00 - PHOTO BACKUP 01 - 5 Mar 2016\TRAVEL PHOTOS\01 - Overseas Travel Photos\2013-05 - a - France and UK May 2013\04 Southern England\Fosse Farmhouse b&b, guesthouse, hotel, accommodation, self catering, castle combe_files\YoutubeButton.jpg","(<class 'FileNotFoundError'>, FileNotFoundError(2, 'No such file or directory'), <traceback object at 0x000002DD5D304280>)"
"E:000 - PHOTO BACKUP 01 - 5 Mar 2016\TRAVEL PHOTOS\01 - Overseas Travel Photos\2013-05 - a - France and UK May 2013\04 Southern England\Fosse Farmhouse Cottages - Self-Catering in Castle Combe, West Wiltshire - Groups_files\bath_video_ph1.jpg","C:\Users\David\Pictures\00 - PHOTO BACKUP 01 - 5 Mar 2016\TRAVEL PHOTOS\01 - Overseas Travel Photos\2013-05 - a - France and UK May 2013\04 Southern England\Fosse Farmhouse Cottages - Self-Catering in Castle Combe, West Wiltshire - Groups_files\bath_video_ph1.jpg","(<class 'FileNotFoundError'>, FileNotFoundError(2, 'No such file or directory'), <traceback object at 0x000002DD5D3046C0>)"
"E:000 - PHOTO BACKUP 01 - 5 Mar 2016\TRAVEL PHOTOS\01 - Overseas Travel Photos\2013-05 - a - France and UK May 2013\04 Southern England\Fosse Farmhouse Cottages - Self-Catering in Castle Combe, West Wiltshire - Groups_files\business%20improvemen(1).jpg","C:\Users\David\Pictures\00 - PHOTO BACKUP 01 - 5 Mar 2016\TRAVEL PHOTOS\01 - Overseas Travel Photos\2013-05 - a - France and UK May 2013\04 Southern England\Fosse Farmhouse Cottages - Self-Catering in Castle Combe, West Wiltshire - Groups_files\business%20improvemen(1).jpg","(<class 'FileNotFoundError'>, FileNotFoundError(2, 'No such file or directory'), <traceback object at 0x000002DD5D304440>)"
"E:000 - PHOTO BACKUP 01 - 5 Mar 2016\TRAVEL PHOTOS\01 - Overseas Travel Photos\2013-05 - a - France and UK May 2013\04 Southern England\Fosse Farmhouse Cottages - Self-Catering in Castle Combe, West Wiltshire - Groups_files\businessweek.png","C:\Users\David\Pictures\00 - PHOTO BACKUP 01 - 5 Mar 2016\TRAVEL PHOTOS\01 - Overseas Travel Photos\2013-05 - a - France and UK May 2013\04 Southern England\Fosse Farmhouse Cottages - Self-Catering in Castle Combe, West Wiltshire - Groups_files\businessweek.png","(<class 'FileNotFoundError'>, FileNotFoundError(2, 'No such file or directory'), <traceback object at 0x000002DD5D304980>)"
"E:000 - PHOTO BACKUP 01 - 5 Mar 2016\TRAVEL PHOTOS\01 - Overseas Travel Photos\2013-05 - a - France and UK May 2013\04 Southern England\Fosse Farmhouse Cottages - Self-Catering in Castle Combe, West Wiltshire - Groups_files\HideCookieBanner.png","C:\Users\David\Pictures\00 - PHOTO BACKUP 01 - 5 Mar 2016\TRAVEL PHOTOS\01 - Overseas Travel Photos\2013-05 - a - France and UK May 2013\04 Southern England\Fosse Farmhouse Cottages - Self-Catering in Castle Combe, West Wiltshire - Groups_files\HideCookieBanner.png","(<class 'FileNotFoundError'>, FileNotFoundError(2, 'No such file or directory'), <traceback object at 0x000002DD5D304E00>)"
"E:000 - PHOTO BACKUP 01 - 5 Mar 2016\TRAVEL PHOTOS\01 - Overseas Travel Photos\2013-05 - a - France and UK May 2013\04 Southern England\Fosse Farmhouse Cottages - Self-Catering in Castle Combe, West Wiltshire - Groups_files\imageresizer(1).jpg","C:\Users\David\Pictures\00 - PHOTO BACKUP 01 - 5 Mar 2016\TRAVEL PHOTOS\01 - Overseas Travel Photos\2013-05 - a - France and UK May 2013\04 Southern England\Fosse Farmhouse Cottages - Self-Catering in Castle Combe, West Wiltshire - Groups_files\imageresizer(1).jpg","(<class 'FileNotFoundError'>, FileNotFoundError(2, 'No such file or directory'), <traceback object at 0x000002DD5D30D100>)"
"E:000 - PHOTO BACKUP 01 - 5 Mar 2016\TRAVEL PHOTOS\01 - Overseas Travel Photos\2013-05 - a - France and UK May 2013\04 Southern England\Fosse Farmhouse Cottages - Self-Catering in Castle Combe, West Wiltshire - Groups_files\imageresizer(2).jpg","C:\Users\David\Pictures\00 - PHOTO BACKUP 01 - 5 Mar 2016\TRAVEL PHOTOS\01 - Overseas Travel Photos\2013-05 - a - France and UK May 2013\04 Southern England\Fosse Farmhouse Cottages - Self-Catering in Castle Combe, West Wiltshire - Groups_files\imageresizer(2).jpg","(<class 'FileNotFoundError'>, FileNotFoundError(2, 'No such file or directory'), <traceback object at 0x000002DD5D30D2C0>)"
"E:000 - PHOTO BACKUP 01 - 5 Mar 2016\TRAVEL PHOTOS\01 - Overseas Travel Photos\2013-05 - a - France and UK May 2013\04 Southern England\Fosse Farmhouse Cottages - Self-Catering in Castle Combe, West Wiltshire - Groups_files\imageresizer(3).jpg","C:\Users\David\Pictures\00 - PHOTO BACKUP 01 - 5 Mar 2016\TRAVEL PHOTOS\01 - Overseas Travel Photos\2013-05 - a - France and UK May 2013\04 Southern England\Fosse Farmhouse Cottages - Self-Catering in Castle Combe, West Wiltshire - Groups_files\imageresizer(3).jpg","(<class 'FileNotFoundError'>, FileNotFoundError(2, 'No such file or directory'), <traceback object at 0x000002DD5D30D300>)"
"E:000 - PHOTO BACKUP 01 - 5 Mar 2016\TRAVEL PHOTOS\01 - Overseas Travel Photos\2013-05 - a - France and UK May 2013\04 Southern England\Fosse Farmhouse Cottages - Self-Catering in Castle Combe, West Wiltshire - Groups_files\imageresizer(4).jpg","C:\Users\David\Pictures\00 - PHOTO BACKUP 01 - 5 Mar 2016\TRAVEL PHOTOS\01 - Overseas Travel Photos\2013-05 - a - France and UK May 2013\04 Southern England\Fosse Farmhouse Cottages - Self-Catering in Castle Combe, West Wiltshire - Groups_files\imageresizer(4).jpg","(<class 'FileNotFoundError'>, FileNotFoundError(2, 'No such file or directory'), <traceback object at 0x000002DD5D30D500>)"
"E:000 - PHOTO BACKUP 01 - 5 Mar 2016\TRAVEL PHOTOS\01 - Overseas Travel Photos\2013-05 - a - France and UK May 2013\04 Southern England\Fosse Farmhouse Cottages - Self-Catering in Castle Combe, West Wiltshire - Groups_files\imageresizer(5).jpg","C:\Users\David\Pictures\00 - PHOTO BACKUP 01 - 5 Mar 2016\TRAVEL PHOTOS\01 - Overseas Travel Photos\2013-05 - a - France and UK May 2013\04 Southern England\Fosse Farmhouse Cottages - Self-Catering in Castle Combe, West Wiltshire - Groups_files\imageresizer(5).jpg","(<class 'FileNotFoundError'>, FileNotFoundError(2, 'No such file or directory'), <traceback object at 0x000002DD5D30D980>)"
"E:000 - PHOTO BACKUP 01 - 5 Mar 2016\TRAVEL PHOTOS\01 - Overseas Travel Photos\2013-05 - a - France and UK May 2013\04 Southern England\Fosse Farmhouse Cottages - Self-Catering in Castle Combe, West Wiltshire - Groups_files\imageresizer(6).jpg","C:\Users\David\Pictures\00 - PHOTO BACKUP 01 - 5 Mar 2016\TRAVEL PHOTOS\01 - Overseas Travel Photos\2013-05 - a - France and UK May 2013\04 Southern England\Fosse Farmhouse Cottages - Self-Catering in Castle Combe, West Wiltshire - Groups_files\imageresizer(6).jpg","(<class 'FileNotFoundError'>, FileNotFoundError(2, 'No such file or directory'), <traceback object at 0x000002DD5D30D140>)"
"E:000 - PHOTO BACKUP 01 - 5 Mar 2016\TRAVEL PHOTOS\01 - Overseas Travel Photos\2013-05 - a - France and UK May 2013\04 Southern England\Fosse Farmhouse Cottages - Self-Catering in Castle Combe, West Wiltshire - Groups_files\imageresizer(7).jpg","C:\Users\David\Pictures\00 - PHOTO BACKUP 01 - 5 Mar 2016\TRAVEL PHOTOS\01 - Overseas Travel Photos\2013-05 - a - France and UK May 2013\04 Southern England\Fosse Farmhouse Cottages - Self-Catering in Castle Combe, West Wiltshire - Groups_files\imageresizer(7).jpg","(<class 'FileNotFoundError'>, FileNotFoundError(2, 'No such file or directory'), <traceback object at 0x000002DD5D30DC00>)"
"E:000 - PHOTO BACKUP 01 - 5 Mar 2016\TRAVEL PHOTOS\01 - Overseas Travel Photos\2013-05 - a - France and UK May 2013\04 Southern England\Fosse Farmhouse Cottages - Self-Catering in Castle Combe, West Wiltshire - Groups_files\imageresizer(8).jpg","C:\Users\David\Pictures\00 - PHOTO BACKUP 01 - 5 Mar 2016\TRAVEL PHOTOS\01 - Overseas Travel Photos\2013-05 - a - France and UK May 2013\04 Southern England\Fosse Farmhouse Cottages - Self-Catering in Castle Combe, West Wiltshire - Groups_files\imageresizer(8).jpg","(<class 'FileNotFoundError'>, FileNotFoundError(2, 'No such file or directory'), <traceback object at 0x000002DD5D310040>)"
"E:000 - PHOTO BACKUP 01 - 5 Mar 2016\TRAVEL PHOTOS\01 - Overseas Travel Photos\2013-05 - a - France and UK May 2013\04 Southern England\Fosse Farmhouse Cottages - Self-Catering in Castle Combe, West Wiltshire - Groups_files\imageresizer.jpg","C:\Users\David\Pictures\00 - PHOTO BACKUP 01 - 5 Mar 2016\TRAVEL PHOTOS\01 - Overseas Travel Photos\2013-05 - a - France and UK May 2013\04 Southern England\Fosse Farmhouse Cottages - Self-Catering in Castle Combe, West Wiltshire - Groups_files\imageresizer.jpg","(<class 'FileNotFoundError'>, FileNotFoundError(2, 'No such file or directory'), <traceback object at 0x000002DD5D3100C0>)"
"E:000 - PHOTO BACKUP 01 - 5 Mar 2016\TRAVEL PHOTOS\01 - Overseas Travel Photos\2013-05 - a - France and UK May 2013\04 Southern England\Fosse Farmhouse Cottages - Self-Catering in Castle Combe, West Wiltshire - Groups_files\logo_bathtourism.gif","C:\Users\David\Pictures\00 - PHOTO BACKUP 01 - 5 Mar 2016\TRAVEL PHOTOS\01 - Overseas Travel Photos\2013-05 - a - France and UK May 2013\04 Southern England\Fosse Farmhouse Cottages - Self-Catering in Castle Combe, West Wiltshire - Groups_files\logo_bathtourism.gif","(<class 'FileNotFoundError'>, FileNotFoundError(2, 'No such file or directory'), <traceback object at 0x000002DD5D310300>)"
"E:000 - PHOTO BACKUP 01 - 5 Mar 2016\TRAVEL PHOTOS\01 - Overseas Travel Photos\2013-05 - a - France and UK May 2013\04 Southern England\Fosse Farmhouse Cottages - Self-Catering in Castle Combe, West Wiltshire - Groups_files\logo_council.gif","C:\Users\David\Pictures\00 - PHOTO BACKUP 01 - 5 Mar 2016\TRAVEL PHOTOS\01 - Overseas Travel Photos\2013-05 - a - France and UK May 2013\04 Southern England\Fosse Farmhouse Cottages - Self-Catering in Castle Combe, West Wiltshire - Groups_files\logo_council.gif","(<class 'FileNotFoundError'>, FileNotFoundError(2, 'No such file or directory'), <traceback object at 0x000002DD5D3102C0>)"
"E:000 - PHOTO BACKUP 01 - 5 Mar 2016\TRAVEL PHOTOS\01 - Overseas Travel Photos\2013-05 - a - France and UK May 2013\04 Southern England\Fosse Farmhouse Cottages - Self-Catering in Castle Combe, West Wiltshire - Groups_files\logo_noweb_print.gif","C:\Users\David\Pictures\00 - PHOTO BACKUP 01 - 5 Mar 2016\TRAVEL PHOTOS\01 - Overseas Travel Photos\2013-05 - a - France and UK May 2013\04 Southern England\Fosse Farmhouse Cottages - Self-Catering in Castle Combe, West Wiltshire - Groups_files\logo_noweb_print.gif","(<class 'FileNotFoundError'>, FileNotFoundError(2, 'No such file or directory'), <traceback object at 0x000002DD5D310940>)"
"E:000 - PHOTO BACKUP 01 - 5 Mar 2016\TRAVEL PHOTOS\01 - Overseas Travel Photos\2013-05 - a - France and UK May 2013\04 Southern England\Fosse Farmhouse Cottages - Self-Catering in Castle Combe, West Wiltshire - Groups_files\visit%20england%20logo.png","C:\Users\David\Pictures\00 - PHOTO BACKUP 01 - 5 Mar 2016\TRAVEL PHOTOS\01 - Overseas Travel Photos\2013-05 - a - France and UK May 2013\04 Southern England\Fosse Farmhouse Cottages - Self-Catering in Castle Combe, West Wiltshire - Groups_files\visit%20england%20logo.png","(<class 'FileNotFoundError'>, FileNotFoundError(2, 'No such file or directory'), <traceback object at 0x000002DD5D310C00>)"
"E:000 - PHOTO BACKUP 01 - 5 Mar 2016\TRAVEL PHOTOS\01 - Overseas Travel Photos\2013-05 - a - France and UK May 2013\04 Southern England\Fosse Farmhouse Cottages - Self-Catering in Castle Combe, West Wiltshire - Groups_files\whatsnearby_eatanddrink.gif","C:\Users\David\Pictures\00 - PHOTO BACKUP 01 - 5 Mar 2016\TRAVEL PHOTOS\01 - Overseas Travel Photos\2013-05 - a - France and UK May 2013\04 Southern England\Fosse Farmhouse Cottages - Self-Catering in Castle Combe, West Wiltshire - Groups_files\whatsnearby_eatanddrink.gif","(<class 'FileNotFoundError'>, FileNotFoundError(2, 'No such file or directory'), <traceback object at 0x000002DD5D310E00>)"
"E:000 - PHOTO BACKUP 01 - 5 Mar 2016\TRAVEL PHOTOS\01 - Overseas Travel Photos\2013-05 - a - France and UK May 2013\04 Southern England\Fosse Farmhouse Cottages - Self-Catering in Castle Combe, West Wiltshire - Groups_files\whatsnearby_thingstodo.gif","C:\Users\David\Pictures\00 - PHOTO BACKUP 01 - 5 Mar 2016\TRAVEL PHOTOS\01 - Overseas Travel Photos\2013-05 - a - France and UK May 2013\04 Southern England\Fosse Farmhouse Cottages - Self-Catering in Castle Combe, West Wiltshire - Groups_files\whatsnearby_thingstodo.gif","(<class 'FileNotFoundError'>, FileNotFoundError(2, 'No such file or directory'), <traceback object at 0x000002DD5D316080>)"
"E:000 - PHOTO BACKUP 01 - 5 Mar 2016\TRAVEL PHOTOS\01 - Overseas Travel Photos\2013-05 - a - France and UK May 2013\04 Southern England\Private holiday accommodation in Calne, Nr_ Castle Combe, Wiltshire, England E3889_files\GenerateCaptcha.gif","C:\Users\David\Pictures\00 - PHOTO BACKUP 01 - 5 Mar 2016\TRAVEL PHOTOS\01 - Overseas Travel Photos\2013-05 - a - France and UK May 2013\04 Southern England\Private holiday accommodation in Calne, Nr_ Castle Combe, Wiltshire, England E3889_files\GenerateCaptcha.gif","(<class 'FileNotFoundError'>, FileNotFoundError(2, 'No such file or directory'), <traceback object at 0x000002DD5D316800>)"
"E:000 - PHOTO BACKUP 01 - 5 Mar 2016\TRAVEL PHOTOS\01 - Overseas Travel Photos\2013-05 - a - France and UK May 2013\05 Northern England\AAAA Self Catering Cottages in Dent, Dentdale  Gawthrop Cottages - 3B2b - good loc. -unknown rates._files\icon_twitter.gif","C:\Users\David\Pictures\00 - PHOTO BACKUP 01 - 5 Mar 2016\TRAVEL PHOTOS\01 - Overseas Travel Photos\2013-05 - a - France and UK May 2013\05 Northern England\AAAA Self Catering Cottages in Dent, Dentdale  Gawthrop Cottages - 3B2b - good loc. -unknown rates._files\icon_twitter.gif","(<class 'FileNotFoundError'>, FileNotFoundError(2, 'The system cannot find the path specified'), <traceback object at 0x000002DD5D325240>)"
"E:000 - PHOTO BACKUP 01 - 5 Mar 2016\TRAVEL PHOTOS\01 - Overseas Travel Photos\2013-05 - a - France and UK May 2013\05 Northern England\AAAA Self Catering Cottages in Dent, Dentdale  Gawthrop Cottages - 3B2b - good loc. -unknown rates._files\icon_twitter.gif","C:\Users\David\Pictures\00 - PHOTO BACKUP 01 - 5 Mar 2016\TRAVEL PHOTOS\01 - Overseas Travel Photos\2013-05 - a - France and UK May 2013\05 Northern England\AAAA Self Catering Cottages in Dent, Dentdale  Gawthrop Cottages - 3B2b - good loc. -unknown rates._files\icon_twitter.gif","(<class 'FileNotFoundError'>, FileNotFoundError(2, 'No such file or directory'), <traceback object at 0x000002DD5D325440>)"
"E:000 - PHOTO BACKUP 01 - 5 Mar 2016\TRAVEL PHOTOS\01 - Overseas Travel Photos\2013-05 - a - France and UK May 2013\05 Northern England\AAAA Self Catering Cottages in Dent, Dentdale  Gawthrop Cottages - 3B2b - good loc. -unknown rates._files\logo.gif","C:\Users\David\Pictures\00 - PHOTO BACKUP 01 - 5 Mar 2016\TRAVEL PHOTOS\01 - Overseas Travel Photos\2013-05 - a - France and UK May 2013\05 Northern England\AAAA Self Catering Cottages in Dent, Dentdale  Gawthrop Cottages - 3B2b - good loc. -unknown rates._files\logo.gif","(<class 'FileNotFoundError'>, FileNotFoundError(2, 'The system cannot find the path specified'), <traceback object at 0x000002DD5D325480>)"
"E:000 - PHOTO BACKUP 01 - 5 Mar 2016\TRAVEL PHOTOS\01 - Overseas Travel Photos\2013-05 - a - France and UK May 2013\05 Northern England\AAAA Self Catering Cottages in Dent, Dentdale  Gawthrop Cottages - 3B2b - good loc. -unknown rates._files\logo.gif","C:\Users\David\Pictures\00 - PHOTO BACKUP 01 - 5 Mar 2016\TRAVEL PHOTOS\01 - Overseas Travel Photos\2013-05 - a - France and UK May 2013\05 Northern England\AAAA Self Catering Cottages in Dent, Dentdale  Gawthrop Cottages - 3B2b - good loc. -unknown rates._files\logo.gif","(<class 'FileNotFoundError'>, FileNotFoundError(2, 'No such file or directory'), <traceback object at 0x000002DD5D325780>)"
E:000 - PHOTO BACKUP 01 - 5 Mar 2016\TRAVEL PHOTOS\01 - Overseas Travel Photos\2013-05 - a - France and UK May 2013\05 Northern England\Lake District Cottages Self Catering Holidays Cumbrian Cottages  Cumbrian Cottages_files\-1126745711.jpg,C:\Users\David\Pictures\00 - PHOTO BACKUP 01 - 5 Mar 2016\TRAVEL PHOTOS\01 - Overseas Travel Photos\2013-05 - a - France and UK May 2013\05 Northern England\Lake District Cottages Self Catering Holidays Cumbrian Cottages  Cumbrian Cottages_files\-1126745711.jpg,"(<class 'FileNotFoundError'>, FileNotFoundError(2, 'No such file or directory'), <traceback object at 0x000002DD5D331780>)"
E:000 - PHOTO BACKUP 01 - 5 Mar 2016\TRAVEL PHOTOS\01 - Overseas Travel Photos\2013-05 - a - France and UK May 2013\05 Northern England\Lake District Cottages Self Catering Holidays Cumbrian Cottages  Cumbrian Cottages_files\-1356095075.jpg,C:\Users\David\Pictures\00 - PHOTO BACKUP 01 - 5 Mar 2016\TRAVEL PHOTOS\01 - Overseas Travel Photos\2013-05 - a - France and UK May 2013\05 Northern England\Lake District Cottages Self Catering Holidays Cumbrian Cottages  Cumbrian Cottages_files\-1356095075.jpg,"(<class 'FileNotFoundError'>, FileNotFoundError(2, 'No such file or directory'), <traceback object at 0x000002DD5D331900>)"
E:000 - PHOTO BACKUP 01 - 5 Mar 2016\TRAVEL PHOTOS\01 - Overseas Travel Photos\2013-05 - a - France and UK May 2013\05 Northern England\Lake District Cottages Self Catering Holidays Cumbrian Cottages  Cumbrian Cottages_files\-1439395192.jpg,C:\Users\David\Pictures\00 - PHOTO BACKUP 01 - 5 Mar 2016\TRAVEL PHOTOS\01 - Overseas Travel Photos\2013-05 - a - France and UK May 2013\05 Northern England\Lake District Cottages Self Catering Holidays Cumbrian Cottages  Cumbrian Cottages_files\-1439395192.jpg,"(<class 'FileNotFoundError'>, FileNotFoundError(2, 'No such file or directory'), <traceback object at 0x000002DD5D331B80>)"
E:000 - PHOTO BACKUP 01 - 5 Mar 2016\TRAVEL PHOTOS\01 - Overseas Travel Photos\2013-05 - a - France and UK May 2013\05 Northern England\Lake District Cottages Self Catering Holidays Cumbrian Cottages  Cumbrian Cottages_files\-197488255.jpg,C:\Users\David\Pictures\00 - PHOTO BACKUP 01 - 5 Mar 2016\TRAVEL PHOTOS\01 - Overseas Travel Photos\2013-05 - a - France and UK May 2013\05 Northern England\Lake District Cottages Self Catering Holidays Cumbrian Cottages  Cumbrian Cottages_files\-197488255.jpg,"(<class 'FileNotFoundError'>, FileNotFoundError(2, 'No such file or directory'), <traceback object at 0x000002DD5D331980>)"
E:000 - PHOTO BACKUP 01 - 5 Mar 2016\TRAVEL PHOTOS\01 - Overseas Travel Photos\2013-05 - a - France and UK May 2013\05 Northern England\Lake District Cottages Self Catering Holidays Cumbrian Cottages  Cumbrian Cottages_files\-460970611.jpg,C:\Users\David\Pictures\00 - PHOTO BACKUP 01 - 5 Mar 2016\TRAVEL PHOTOS\01 - Overseas Travel Photos\2013-05 - a - France and UK May 2013\05 Northern England\Lake District Cottages Self Catering Holidays Cumbrian Cottages  Cumbrian Cottages_files\-460970611.jpg,"(<class 'FileNotFoundError'>, FileNotFoundError(2, 'No such file or directory'), <traceback object at 0x000002DD5D341040>)"
E:000 - PHOTO BACKUP 01 - 5 Mar 2016\TRAVEL PHOTOS\01 - Overseas Travel Photos\2013-05 - a - France and UK May 2013\05 Northern England\Lake District Cottages Self Catering Holidays Cumbrian Cottages  Cumbrian Cottages_files\1747818383.jpg,C:\Users\David\Pictures\00 - PHOTO BACKUP 01 - 5 Mar 2016\TRAVEL PHOTOS\01 - Overseas Travel Photos\2013-05 - a - France and UK May 2013\05 Northern England\Lake District Cottages Self Catering Holidays Cumbrian Cottages  Cumbrian Cottages_files\1747818383.jpg,"(<class 'FileNotFoundError'>, FileNotFoundError(2, 'No such file or directory'), <traceback object at 0x000002DD5D341280>)"
E:000 - PHOTO BACKUP 01 - 5 Mar 2016\TRAVEL PHOTOS\01 - Overseas Travel Photos\2013-05 - a - France and UK May 2013\05 Northern England\Lake District Cottages Self Catering Holidays Cumbrian Cottages  Cumbrian Cottages_files\1809591907.jpg,C:\Users\David\Pictures\00 - PHOTO BACKUP 01 - 5 Mar 2016\TRAVEL PHOTOS\01 - Overseas Travel Photos\2013-05 - a - France and UK May 2013\05 Northern England\Lake District Cottages Self Catering Holidays Cumbrian Cottages  Cumbrian Cottages_files\1809591907.jpg,"(<class 'FileNotFoundError'>, FileNotFoundError(2, 'No such file or directory'), <traceback object at 0x000002DD5D341300>)"
E:000 - PHOTO BACKUP 01 - 5 Mar 2016\TRAVEL PHOTOS\01 - Overseas Travel Photos\2013-05 - a - France and UK May 2013\05 Northern England\Lake District Cottages Self Catering Holidays Cumbrian Cottages  Cumbrian Cottages_files\1976830204.jpg,C:\Users\David\Pictures\00 - PHOTO BACKUP 01 - 5 Mar 2016\TRAVEL PHOTOS\01 - Overseas Travel Photos\2013-05 - a - France and UK May 2013\05 Northern England\Lake District Cottages Self Catering Holidays Cumbrian Cottages  Cumbrian Cottages_files\1976830204.jpg,"(<class 'FileNotFoundError'>, FileNotFoundError(2, 'No such file or directory'), <traceback object at 0x000002DD5D341500>)"
E:000 - PHOTO BACKUP 01 - 5 Mar 2016\TRAVEL PHOTOS\01 - Overseas Travel Photos\2013-05 - a - France and UK May 2013\05 Northern England\Lake District Cottages Self Catering Holidays Cumbrian Cottages  Cumbrian Cottages_files\1994370998.jpg,C:\Users\David\Pictures\00 - PHOTO BACKUP 01 - 5 Mar 2016\TRAVEL PHOTOS\01 - Overseas Travel Photos\2013-05 - a - France and UK May 2013\05 Northern England\Lake District Cottages Self Catering Holidays Cumbrian Cottages  Cumbrian Cottages_files\1994370998.jpg,"(<class 'FileNotFoundError'>, FileNotFoundError(2, 'No such file or directory'), <traceback object at 0x000002DD5D341740>)"
E:000 - PHOTO BACKUP 01 - 5 Mar 2016\TRAVEL PHOTOS\01 - Overseas Travel Photos\2013-05 - a - France and UK May 2013\05 Northern England\Lake District Cottages Self Catering Holidays Cumbrian Cottages  Cumbrian Cottages_files\D3_CC%20OWNER%20PACK.jpg,C:\Users\David\Pictures\00 - PHOTO BACKUP 01 - 5 Mar 2016\TRAVEL PHOTOS\01 - Overseas Travel Photos\2013-05 - a - France and UK May 2013\05 Northern England\Lake District Cottages Self Catering Holidays Cumbrian Cottages  Cumbrian Cottages_files\D3_CC%20OWNER%20PACK.jpg,"(<class 'FileNotFoundError'>, FileNotFoundError(2, 'No such file or directory'), <traceback object at 0x000002DD5D341B80>)"
E:000 - PHOTO BACKUP 01 - 5 Mar 2016\TRAVEL PHOTOS\01 - Overseas Travel Photos\2013-05 - a - France and UK May 2013\05 Northern England\Lake District Cottages Self Catering Holidays Cumbrian Cottages  Cumbrian Cottages_files\D3_CUMBRIANHALFTERM.jpg,C:\Users\David\Pictures\00 - PHOTO BACKUP 01 - 5 Mar 2016\TRAVEL PHOTOS\01 - Overseas Travel Photos\2013-05 - a - France and UK May 2013\05 Northern England\Lake District Cottages Self Catering Holidays Cumbrian Cottages  Cumbrian Cottages_files\D3_CUMBRIANHALFTERM.jpg,"(<class 'FileNotFoundError'>, FileNotFoundError(2, 'No such file or directory'), <traceback object at 0x000002DD5D341C80>)"
E:000 - PHOTO BACKUP 01 - 5 Mar 2016\TRAVEL PHOTOS\01 - Overseas Travel Photos\2013-05 - a - France and UK May 2013\05 Northern England\Lake District Cottages Self Catering Holidays Cumbrian Cottages  Cumbrian Cottages_files\holidayideas.jpg,C:\Users\David\Pictures\00 - PHOTO BACKUP 01 - 5 Mar 2016\TRAVEL PHOTOS\01 - Overseas Travel Photos\2013-05 - a - France and UK May 2013\05 Northern England\Lake District Cottages Self Catering Holidays Cumbrian Cottages  Cumbrian Cottages_files\holidayideas.jpg,"(<class 'FileNotFoundError'>, FileNotFoundError(2, 'No such file or directory'), <traceback object at 0x000002DD5D345100>)"
E:000 - PHOTO BACKUP 01 - 5 Mar 2016\TRAVEL PHOTOS\01 - Overseas Travel Photos\2013-05 - a - France and UK May 2013\05 Northern England\Lake District Cottages Self Catering Holidays Cumbrian Cottages  Cumbrian Cottages_files\leftArrowBrown.gif,C:\Users\David\Pictures\00 - PHOTO BACKUP 01 - 5 Mar 2016\TRAVEL PHOTOS\01 - Overseas Travel Photos\2013-05 - a - France and UK May 2013\05 Northern England\Lake District Cottages Self Catering Holidays Cumbrian Cottages  Cumbrian Cottages_files\leftArrowBrown.gif,"(<class 'FileNotFoundError'>, FileNotFoundError(2, 'No such file or directory'), <traceback object at 0x000002DD5D345440>)"
E:000 - PHOTO BACKUP 01 - 5 Mar 2016\TRAVEL PHOTOS\01 - Overseas Travel Photos\2013-05 - a - France and UK May 2013\05 Northern England\Lake District Cottages Self Catering Holidays Cumbrian Cottages  Cumbrian Cottages_files\rightArrowBrown.gif,C:\Users\David\Pictures\00 - PHOTO BACKUP 01 - 5 Mar 2016\TRAVEL PHOTOS\01 - Overseas Travel Photos\2013-05 - a - France and UK May 2013\05 Northern England\Lake District Cottages Self Catering Holidays Cumbrian Cottages  Cumbrian Cottages_files\rightArrowBrown.gif,"(<class 'FileNotFoundError'>, FileNotFoundError(2, 'No such file or directory'), <traceback object at 0x000002DD5D3456C0>)"
E:000 - PHOTO BACKUP 01 - 5 Mar 2016\TRAVEL PHOTOS\01 - Overseas Travel Photos\2013-05 - a - France and UK May 2013\05 Northern England\Lake District Cottages Self Catering Holidays Cumbrian Cottages  Cumbrian Cottages_files\visitenglandgold.jpg,C:\Users\David\Pictures\00 - PHOTO BACKUP 01 - 5 Mar 2016\TRAVEL PHOTOS\01 - Overseas Travel Photos\2013-05 - a - France and UK May 2013\05 Northern England\Lake District Cottages Self Catering Holidays Cumbrian Cottages  Cumbrian Cottages_files\visitenglandgold.jpg,"(<class 'FileNotFoundError'>, FileNotFoundError(2, 'No such file or directory'), <traceback object at 0x000002DD5D345700>)"
"E:000 - PHOTO BACKUP 01 - 5 Mar 2016\TRAVEL PHOTOS\01 - Overseas Travel Photos\2013-05 - a - France and UK May 2013\05 Northern England\Sedbergh Cottage for Yorkshire Dales and Lake District - 3B1b - Good loc, - _files\Sedbergh%20looking%20west.jpg","C:\Users\David\Pictures\00 - PHOTO BACKUP 01 - 5 Mar 2016\TRAVEL PHOTOS\01 - Overseas Travel Photos\2013-05 - a - France and UK May 2013\05 Northern England\Sedbergh Cottage for Yorkshire Dales and Lake District - 3B1b - Good loc, - _files\Sedbergh%20looking%20west.jpg","(<class 'FileNotFoundError'>, FileNotFoundError(2, 'No such file or directory'), <traceback object at 0x000002DD5D353300>)"
"E:000 - PHOTO BACKUP 01 - 5 Mar 2016\TRAVEL PHOTOS\01 - Overseas Travel Photos\2013-05 - a - France and UK May 2013\05 Northern England\Sedbergh Cottages - Drawell Cottage in Sedbergh, Cumbria, Lake District, Yorkshire Dales Cottages - 2B1b _files\spacer.gif","C:\Users\David\Pictures\00 - PHOTO BACKUP 01 - 5 Mar 2016\TRAVEL PHOTOS\01 - Overseas Travel Photos\2013-05 - a - France and UK May 2013\05 Northern England\Sedbergh Cottages - Drawell Cottage in Sedbergh, Cumbria, Lake District, Yorkshire Dales Cottages - 2B1b _files\spacer.gif","(<class 'FileNotFoundError'>, FileNotFoundError(2, 'The system cannot find the path specified'), <traceback object at 0x000002DD5D353600>)"
"E:000 - PHOTO BACKUP 01 - 5 Mar 2016\TRAVEL PHOTOS\01 - Overseas Travel Photos\2013-05 - a - France and UK May 2013\05 Northern England\Sedbergh Cottages - Drawell Cottage in Sedbergh, Cumbria, Lake District, Yorkshire Dales Cottages - 2B1b _files\spacer.gif","C:\Users\David\Pictures\00 - PHOTO BACKUP 01 - 5 Mar 2016\TRAVEL PHOTOS\01 - Overseas Travel Photos\2013-05 - a - France and UK May 2013\05 Northern England\Sedbergh Cottages - Drawell Cottage in Sedbergh, Cumbria, Lake District, Yorkshire Dales Cottages - 2B1b _files\spacer.gif","(<class 'FileNotFoundError'>, FileNotFoundError(2, 'No such file or directory'), <traceback object at 0x000002DD5D353700>)"
E:000 - PHOTO BACKUP 01 - 5 Mar 2016\TRAVEL PHOTOS\01 - Overseas Travel Photos\2013-05 - a - France and UK May 2013\Peugeot Car Leasing in Europe 2012 Rates - Book your next Peugeot Car Lease Holiday with UK and Europe Travel_files\aftasm.gif,C:\Users\David\Pictures\00 - PHOTO BACKUP 01 - 5 Mar 2016\TRAVEL PHOTOS\01 - Overseas Travel Photos\2013-05 - a - France and UK May 2013\Peugeot Car Leasing in Europe 2012 Rates - Book your next Peugeot Car Lease Holiday with UK and Europe Travel_files\aftasm.gif,"(<class 'FileNotFoundError'>, FileNotFoundError(2, 'The filename or extension is too long'), <traceback object at 0x000002DD5D362600>)"
E:000 - PHOTO BACKUP 01 - 5 Mar 2016\TRAVEL PHOTOS\01 - Overseas Travel Photos\2013-05 - a - France and UK May 2013\Peugeot Car Leasing in Europe 2012 Rates - Book your next Peugeot Car Lease Holiday with UK and Europe Travel_files\aftasm.gif,C:\Users\David\Pictures\00 - PHOTO BACKUP 01 - 5 Mar 2016\TRAVEL PHOTOS\01 - Overseas Travel Photos\2013-05 - a - France and UK May 2013\Peugeot Car Leasing in Europe 2012 Rates - Book your next Peugeot Car Lease Holiday with UK and Europe Travel_files\aftasm.gif,"(<class 'FileNotFoundError'>, FileNotFoundError(2, 'No such file or directory'), <traceback object at 0x000002DD5D362700>)"
E:000 - PHOTO BACKUP 01 - 5 Mar 2016\TRAVEL PHOTOS\01 - Overseas Travel Photos\2013-05 - a - France and UK May 2013\Peugeot Car Leasing in Europe 2012 Rates - Book your next Peugeot Car Lease Holiday with UK and Europe Travel_files\arrowmian.gif,C:\Users\David\Pictures\00 - PHOTO BACKUP 01 - 5 Mar 2016\TRAVEL PHOTOS\01 - Overseas Travel Photos\2013-05 - a - France and UK May 2013\Peugeot Car Leasing in Europe 2012 Rates - Book your next Peugeot Car Lease Holiday with UK and Europe Travel_files\arrowmian.gif,"(<class 'FileNotFoundError'>, FileNotFoundError(2, 'The filename or extension is too long'), <traceback object at 0x000002DD5D362940>)"
E:000 - PHOTO BACKUP 01 - 5 Mar 2016\TRAVEL PHOTOS\01 - Overseas Travel Photos\2013-05 - a - France and UK May 2013\Peugeot Car Leasing in Europe 2012 Rates - Book your next Peugeot Car Lease Holiday with UK and Europe Travel_files\arrowmian.gif,C:\Users\David\Pictures\00 - PHOTO BACKUP 01 - 5 Mar 2016\TRAVEL PHOTOS\01 - Overseas Travel Photos\2013-05 - a - France and UK May 2013\Peugeot Car Leasing in Europe 2012 Rates - Book your next Peugeot Car Lease Holiday with UK and Europe Travel_files\arrowmian.gif,"(<class 'FileNotFoundError'>, FileNotFoundError(2, 'No such file or directory'), <traceback object at 0x000002DD5D362AC0>)"
E:000 - PHOTO BACKUP 01 - 5 Mar 2016\TRAVEL PHOTOS\01 - Overseas Travel Photos\2013-05 - a - France and UK May 2013\Peugeot Car Leasing in Europe 2012 Rates - Book your next Peugeot Car Lease Holiday with UK and Europe Travel_files\header.jpg,C:\Users\David\Pictures\00 - PHOTO BACKUP 01 - 5 Mar 2016\TRAVEL PHOTOS\01 - Overseas Travel Photos\2013-05 - a - France and UK May 2013\Peugeot Car Leasing in Europe 2012 Rates - Book your next Peugeot Car Lease Holiday with UK and Europe Travel_files\header.jpg,"(<class 'FileNotFoundError'>, FileNotFoundError(2, 'The filename or extension is too long'), <traceback object at 0x000002DD5D362D00>)"
E:000 - PHOTO BACKUP 01 - 5 Mar 2016\TRAVEL PHOTOS\01 - Overseas Travel Photos\2013-05 - a - France and UK May 2013\Peugeot Car Leasing in Europe 2012 Rates - Book your next Peugeot Car Lease Holiday with UK and Europe Travel_files\header.jpg,C:\Users\David\Pictures\00 - PHOTO BACKUP 01 - 5 Mar 2016\TRAVEL PHOTOS\01 - Overseas Travel Photos\2013-05 - a - France and UK May 2013\Peugeot Car Leasing in Europe 2012 Rates - Book your next Peugeot Car Lease Holiday with UK and Europe Travel_files\header.jpg,"(<class 'FileNotFoundError'>, FileNotFoundError(2, 'No such file or directory'), <traceback object at 0x000002DD5D362E80>)"
E:000 - PHOTO BACKUP 01 - 5 Mar 2016\TRAVEL PHOTOS\01 - Overseas Travel Photos\2013-05 - a - France and UK May 2013\Peugeot Car Leasing in Europe 2012 Rates - Book your next Peugeot Car Lease Holiday with UK and Europe Travel_files\logo.gif,C:\Users\David\Pictures\00 - PHOTO BACKUP 01 - 5 Mar 2016\TRAVEL PHOTOS\01 - Overseas Travel Photos\2013-05 - a - France and UK May 2013\Peugeot Car Leasing in Europe 2012 Rates - Book your next Peugeot Car Lease Holiday with UK and Europe Travel_files\logo.gif,"(<class 'FileNotFoundError'>, FileNotFoundError(2, 'The filename or extension is too long'), <traceback object at 0x000002DD5D36D100>)"
E:000 - PHOTO BACKUP 01 - 5 Mar 2016\TRAVEL PHOTOS\01 - Overseas Travel Photos\2013-05 - a - France and UK May 2013\Peugeot Car Leasing in Europe 2012 Rates - Book your next Peugeot Car Lease Holiday with UK and Europe Travel_files\logo.gif,C:\Users\David\Pictures\00 - PHOTO BACKUP 01 - 5 Mar 2016\TRAVEL PHOTOS\01 - Overseas Travel Photos\2013-05 - a - France and UK May 2013\Peugeot Car Leasing in Europe 2012 Rates - Book your next Peugeot Car Lease Holiday with UK and Europe Travel_files\logo.gif,"(<class 'FileNotFoundError'>, FileNotFoundError(2, 'No such file or directory'), <traceback object at 0x000002DD5D36D300>)"
E:000 - PHOTO BACKUP 01 - 5 Mar 2016\TRAVEL PHOTOS\01 - Overseas Travel Photos\2013-05 - a - France and UK May 2013\Peugeot Car Leasing in Europe 2012 Rates - Book your next Peugeot Car Lease Holiday with UK and Europe Travel_files\pl_main.jpg,C:\Users\David\Pictures\00 - PHOTO BACKUP 01 - 5 Mar 2016\TRAVEL PHOTOS\01 - Overseas Travel Photos\2013-05 - a - France and UK May 2013\Peugeot Car Leasing in Europe 2012 Rates - Book your next Peugeot Car Lease Holiday with UK and Europe Travel_files\pl_main.jpg,"(<class 'FileNotFoundError'>, FileNotFoundError(2, 'The filename or extension is too long'), <traceback object at 0x000002DD5D36D4C0>)"
E:000 - PHOTO BACKUP 01 - 5 Mar 2016\TRAVEL PHOTOS\01 - Overseas Travel Photos\2013-05 - a - France and UK May 2013\Peugeot Car Leasing in Europe 2012 Rates - Book your next Peugeot Car Lease Holiday with UK and Europe Travel_files\pl_main.jpg,C:\Users\David\Pictures\00 - PHOTO BACKUP 01 - 5 Mar 2016\TRAVEL PHOTOS\01 - Overseas Travel Photos\2013-05 - a - France and UK May 2013\Peugeot Car Leasing in Europe 2012 Rates - Book your next Peugeot Car Lease Holiday with UK and Europe Travel_files\pl_main.jpg,"(<class 'FileNotFoundError'>, FileNotFoundError(2, 'No such file or directory'), <traceback object at 0x000002DD5D36D640>)"
E:000 - PHOTO BACKUP 01 - 5 Mar 2016\TRAVEL PHOTOS\01 - Overseas Travel Photos\2013-05 - a - France and UK May 2013\Peugeot Car Leasing in Europe 2012 Rates - Book your next Peugeot Car Lease Holiday with UK and Europe Travel_files\quote.gif,C:\Users\David\Pictures\00 - PHOTO BACKUP 01 - 5 Mar 2016\TRAVEL PHOTOS\01 - Overseas Travel Photos\2013-05 - a - France and UK May 2013\Peugeot Car Leasing in Europe 2012 Rates - Book your next Peugeot Car Lease Holiday with UK and Europe Travel_files\quote.gif,"(<class 'FileNotFoundError'>, FileNotFoundError(2, 'The filename or extension is too long'), <traceback object at 0x000002DD5D36D880>)"
E:000 - PHOTO BACKUP 01 - 5 Mar 2016\TRAVEL PHOTOS\01 - Overseas Travel Photos\2013-05 - a - France and UK May 2013\Peugeot Car Leasing in Europe 2012 Rates - Book your next Peugeot Car Lease Holiday with UK and Europe Travel_files\quote.gif,C:\Users\David\Pictures\00 - PHOTO BACKUP 01 - 5 Mar 2016\TRAVEL PHOTOS\01 - Overseas Travel Photos\2013-05 - a - France and UK May 2013\Peugeot Car Leasing in Europe 2012 Rates - Book your next Peugeot Car Lease Holiday with UK and Europe Travel_files\quote.gif,"(<class 'FileNotFoundError'>, FileNotFoundError(2, 'No such file or directory'), <traceback object at 0x000002DD5D36D700>)"
E:000 - PHOTO BACKUP 01 - 5 Mar 2016\TRAVEL PHOTOS\01 - Overseas Travel Photos\2013-05 - a - France and UK May 2013\Peugeot Car Leasing in Europe 2012 Rates - Book your next Peugeot Car Lease Holiday with UK and Europe Travel_files\tcf_logo.gif,C:\Users\David\Pictures\00 - PHOTO BACKUP 01 - 5 Mar 2016\TRAVEL PHOTOS\01 - Overseas Travel Photos\2013-05 - a - France and UK May 2013\Peugeot Car Leasing in Europe 2012 Rates - Book your next Peugeot Car Lease Holiday with UK and Europe Travel_files\tcf_logo.gif,"(<class 'FileNotFoundError'>, FileNotFoundError(2, 'The filename or extension is too long'), <traceback object at 0x000002DD5D36DC40>)"
E:000 - PHOTO BACKUP 01 - 5 Mar 2016\TRAVEL PHOTOS\01 - Overseas Travel Photos\2013-05 - a - France and UK May 2013\Peugeot Car Leasing in Europe 2012 Rates - Book your next Peugeot Car Lease Holiday with UK and Europe Travel_files\tcf_logo.gif,C:\Users\David\Pictures\00 - PHOTO BACKUP 01 - 5 Mar 2016\TRAVEL PHOTOS\01 - Overseas Travel Photos\2013-05 - a - France and UK May 2013\Peugeot Car Leasing in Europe 2012 Rates - Book your next Peugeot Car Lease Holiday with UK and Europe Travel_files\tcf_logo.gif,"(<class 'FileNotFoundError'>, FileNotFoundError(2, 'No such file or directory'), <traceback object at 0x000002DD5D36DA80>)"
E:000 - PHOTO BACKUP 01 - 5 Mar 2016\TRAVEL PHOTOS\01 - Overseas Travel Photos\2015-08 - Croatia August 2015\11 - Korcula - 27 August\20150828_021418.mp4,C:\Users\David\Pictures\00 - PHOTO BACKUP 01 - 5 Mar 2016\TRAVEL PHOTOS\01 - Overseas Travel Photos\2015-08 - Croatia August 2015\11 - Korcula - 27 August\20150828_021418.mp4,"(<class 'PermissionError'>, PermissionError(13, 'Permission denied'), <traceback object at 0x000002DD5D3CC240>)"
E:000 - PHOTO BACKUP 01 - 5 Mar 2016\TRAVEL PHOTOS\01 - Overseas Travel Photos\2015-08 - Croatia August 2015\13 - Elafiti Islands and Dubrovnik - 29 August\20150829_211541.jpg,C:\Users\David\Pictures\00 - PHOTO BACKUP 01 - 5 Mar 2016\TRAVEL PHOTOS\01 - Overseas Travel Photos\2015-08 - Croatia August 2015\13 - Elafiti Islands and Dubrovnik - 29 August\20150829_211541.jpg,"(<class 'PermissionError'>, PermissionError(13, 'Permission denied'), <traceback object at 0x000002DD5D3EE640>)"
E:000 - PHOTO BACKUP 01 - 5 Mar 2016\TRAVEL PHOTOS\01 - Overseas Travel Photos\2015-08 - Croatia August 2015\17 - Split - 2 September\20150902_162418.mp4,C:\Users\David\Pictures\00 - PHOTO BACKUP 01 - 5 Mar 2016\TRAVEL PHOTOS\01 - Overseas Travel Photos\2015-08 - Croatia August 2015\17 - Split - 2 September\20150902_162418.mp4,"(<class 'PermissionError'>, PermissionError(13, 'Permission denied'), <traceback object at 0x000002DD5D48FFC0>)"
